BHID,FROM,TO,LITH,ALT
CKR-001,0.0,3.5,AND,PROP
CKR-001,3.5,25.0,AND,ARG
CKR-001,25.0,42.0,AND,ADL
CKR-001,42.0,44.5,STK,ADL
CKR-001,44.5,45.5,AND,ADL
CKR-001,45.5,67.5,AND,ARG
CKR-001,67.5,69.8,AND,PROP
CKR-002,0.0,2.5,TUF,PROP
CKR-002,2.5,120.0,AND,PROP
CKR-002,120.0,138.5,AND,ARG
CKR-002,138.5,143.0,AND,ADL
CKR-002,143.0,147.5,STK,ADL
CKR-002,147.5,150.0,VN,SIL
CKR-002,150.0,154.5,STK,ADL
CKR-002,154.5,159.0,AND,ADL
CKR-002,159.0,178.0,AND,ARG
CKR-002,178.0,186.3,AND,PROP
CKR-003,0.0,14.5,AND,PROP
CKR-003,14.5,35.0,AND,ARG
CKR-003,35.0,38.5,AND,ADL
CKR-003,38.5,45.0,STK,ADL
CKR-003,45.0,47.5,VN,SIL
CKR-003,47.5,53.5,STK,ADL
CKR-003,53.5,57.5,AND,ADL
CKR-003,57.5,79.5,AND,ARG
CKR-003,79.5,89.1,AND,PROP
CKR-004,0.0,4.0,TUF,PROP
CKR-004,4.0,109.0,AND,PROP
CKR-004,109.0,128.5,AND,ARG
CKR-004,128.5,130.5,AND,ADL
CKR-004,130.5,138.0,STK,ADL
CKR-004,138.0,144.0,VN,SIL
CKR-004,144.0,151.0,STK,ADL
CKR-004,151.0,153.0,AND,ADL
CKR-004,153.0,168.3,AND,ARG
CKR-005,0.0,38.0,AND,PROP
CKR-005,38.0,58.5,AND,ARG
CKR-005,58.5,64.0,AND,ADL
CKR-005,64.0,68.0,STK,ADL
CKR-005,68.0,74.0,VN,SIL
CKR-005,74.0,79.0,STK,ADL
CKR-005,79.0,83.5,AND,ADL
CKR-005,83.5,98.9,AND,ARG
CKR-006,0.0,55.5,TUF,PROP
CKR-006,55.5,124.5,AND,PROP
CKR-006,124.5,144.0,AND,ARG
CKR-006,144.0,153.0,STK,ADL
CKR-006,153.0,163.5,VN,SIL
CKR-006,163.5,173.0,STK,ADL
CKR-006,173.0,174.0,STK,ARG
CKR-006,174.0,184.6,AND,ARG
CKR-007,0.0,24.0,AND,PROP
CKR-007,24.0,45.0,AND,ARG
CKR-007,45.0,49.0,AND,ADL
CKR-007,49.0,55.0,STK,ADL
CKR-007,55.0,64.0,VN,SIL
CKR-007,64.0,72.0,STK,ADL
CKR-007,72.0,74.5,AND,ADL
CKR-007,74.5,96.9,AND,ARG
CKR-008,0.0,135.0,AND,PROP
CKR-008,135.0,153.5,AND,ARG
CKR-008,153.5,154.5,STK,ARG
CKR-008,154.5,163.5,STK,ADL
CKR-008,163.5,165.5,BX,SIL
CKR-008,165.5,174.5,VN,SIL
CKR-008,174.5,181.5,STK,ADL
CKR-008,181.5,183.0,AND,ADL
CKR-008,183.0,201.0,AND,ARG
CKR-008,201.0,217.1,AND,PROP
CKR-009,0.0,27.5,TUF,PROP
CKR-009,27.5,46.0,AND,PROP
CKR-009,46.0,135.0,TUF,PROP
CKR-009,135.0,183.0,AND,PROP
CKR-009,183.0,202.5,AND,ARG
CKR-009,202.5,206.0,AND,ADL
CKR-009,206.0,211.5,STK,ADL
CKR-009,211.5,216.0,VN,SIL
CKR-009,216.0,221.0,STK,ADL
CKR-009,221.0,225.0,AND,ADL
CKR-009,225.0,244.5,AND,ARG
CKR-009,244.5,245.1,AND,PROP
CKR-010,0.0,163.5,TUF,PROP
CKR-010,163.5,227.5,AND,PROP
CKR-010,227.5,247.0,AND,ARG
CKR-010,247.0,250.5,AND,ADL
CKR-010,250.5,256.5,STK,ADL
CKR-010,256.5,260.0,VN,SIL
CKR-010,260.0,265.5,STK,ADL
CKR-010,265.5,269.5,AND,ADL
CKR-010,269.5,289.0,AND,ARG
CKR-010,289.0,296.7,AND,PROP
CKR-011,0.0,36.0,AND,PROP
CKR-011,36.0,55.5,AND,ARG
CKR-011,55.5,58.5,AND,ADL
CKR-011,58.5,65.0,STK,ADL
CKR-011,65.0,75.5,VN,SIL
CKR-011,75.5,84.5,STK,ADL
CKR-011,84.5,85.5,AND,ADL
CKR-011,85.5,107.0,AND,ARG
CKR-011,107.0,116.4,AND,PROP
CKR-012,0.0,118.5,AND,PROP
CKR-012,118.5,135.5,AND,ARG
CKR-012,135.5,137.0,STK,ARG
CKR-012,137.0,145.5,STK,ADL
CKR-012,145.5,147.5,BX,SIL
CKR-012,147.5,157.0,VN,SIL
CKR-012,157.0,158.5,BX,SIL
CKR-012,158.5,167.0,STK,ADL
CKR-012,167.0,183.6,AND,ARG
CKR-013,0.0,60.5,AND,PROP
CKR-013,60.5,145.0,TUF,PROP
CKR-013,145.0,160.0,AND,PROP
CKR-013,160.0,179.5,AND,ARG
CKR-013,179.5,184.0,AND,ADL
CKR-013,184.0,188.5,STK,ADL
CKR-013,188.5,194.0,VN,SIL
CKR-013,194.0,198.5,STK,ADL
CKR-013,198.5,202.5,AND,ADL
CKR-013,202.5,220.5,AND,ARG
CKR-013,220.5,236.4,AND,PROP
CKR-014,0.0,158.5,TUF,PROP
CKR-014,158.5,221.5,AND,PROP
CKR-014,221.5,240.5,AND,ARG
CKR-014,240.5,243.5,AND,ADL
CKR-014,243.5,249.5,STK,ADL
CKR-014,249.5,253.0,VN,SIL
CKR-014,253.0,258.5,STK,ADL
CKR-014,258.5,262.0,AND,ADL
CKR-014,262.0,278.2,AND,ARG
CKR-015,0.0,7.5,AND,ARG
CKR-015,7.5,10.5,AND,ADL
CKR-015,10.5,17.0,STK,ADL
CKR-015,17.0,22.5,VN,SIL
CKR-015,22.5,27.5,STK,ADL
CKR-015,27.5,33.0,AND,ADL
CKR-015,33.0,55.5,AND,ARG
CKR-015,55.5,57.5,AND,PROP
CKR-016,0.0,69.0,AND,PROP
CKR-016,69.0,91.0,TUF,PROP
CKR-016,91.0,112.5,TUF,ARG
CKR-016,112.5,116.5,TUF,ADL
CKR-016,116.5,122.5,STK,ADL
CKR-016,122.5,131.5,VN,SIL
CKR-016,131.5,137.5,STK,ADL
CKR-016,137.5,141.5,TUF,ADL
CKR-016,141.5,144.5,TUF,ARG
CKR-016,144.5,162.0,AND,ARG
CKR-016,162.0,164.9,AND,PROP
CKR-017,0.0,34.5,AND,PROP
CKR-017,34.5,161.5,TUF,PROP
CKR-017,161.5,175.5,TUF,ARG
CKR-017,175.5,181.5,AND,ARG
CKR-017,181.5,185.0,AND,ADL
CKR-017,185.0,190.5,STK,ADL
CKR-017,190.5,195.0,VN,SIL
CKR-017,195.0,200.5,STK,ADL
CKR-017,200.5,204.0,AND,ADL
CKR-017,204.0,223.0,AND,ARG
CKR-017,223.0,230.0,AND,PROP
CKR-018,0.0,19.0,AND,PROP
CKR-018,19.0,25.0,AND,ARG
CKR-018,25.0,38.0,TUF,ARG
CKR-018,38.0,43.0,TUF,ADL
CKR-018,43.0,47.5,STK,ADL
CKR-018,47.5,53.5,VN,SIL
CKR-018,53.5,58.0,STK,ADL
CKR-018,58.0,63.0,TUF,ADL
CKR-018,63.0,74.0,TUF,ARG
CKR-018,74.0,82.5,AND,ARG
CKR-018,82.5,95.0,AND,PROP
CKR-019,0.0,44.5,AND,PROP
CKR-019,44.5,62.0,TUF,PROP
CKR-019,62.0,81.5,TUF,ARG
CKR-019,81.5,86.0,TUF,ADL
CKR-019,86.0,90.0,STK,ADL
CKR-019,90.0,97.0,VN,SIL
CKR-019,97.0,101.5,STK,ADL
CKR-019,101.5,106.0,TUF,ADL
CKR-019,106.0,118.5,TUF,ARG
CKR-019,118.5,125.0,AND,ARG
CKR-019,125.0,126.4,AND,PROP
CKR-020,0.0,130.0,TUF,PROP
CKR-020,130.0,151.0,TUF,ARG
CKR-020,151.0,154.0,TUF,ADL
CKR-020,154.0,161.0,STK,ADL
CKR-020,161.0,164.5,VN,SIL
CKR-020,164.5,171.5,STK,ADL
CKR-020,171.5,174.0,AND,ADL
CKR-020,174.0,194.5,AND,ARG
CKR-020,194.5,195.8,AND,PROP
CKR-021,0.0,117.0,TUF,PROP
CKR-021,117.0,181.0,AND,PROP
CKR-021,181.0,201.0,AND,ARG
CKR-021,201.0,204.5,AND,ADL
CKR-021,204.5,210.5,STK,ADL
CKR-021,210.5,214.0,VN,SIL
CKR-021,214.0,219.5,STK,ADL
CKR-021,219.5,223.5,AND,ADL
CKR-021,223.5,243.0,AND,ARG
CKR-021,243.0,251.4,AND,PROP
CKR-022,0.0,0.5,AND,ARG
CKR-022,0.5,3.0,TUF,ARG
CKR-022,3.0,7.5,TUF,ADL
CKR-022,7.5,13.5,STK,ADL
CKR-022,13.5,20.0,VN,SIL
CKR-022,20.0,25.0,STK,ADL
CKR-022,25.0,31.0,AND,ADL
CKR-022,31.0,54.5,AND,ARG
CKR-022,54.5,57.2,AND,PROP
CKR-023,0.0,66.0,TUF,PROP
CKR-023,66.0,85.5,TUF,ARG
CKR-023,85.5,90.0,TUF,ADL
CKR-023,90.0,94.5,STK,ADL
CKR-023,94.5,101.5,VN,SIL
CKR-023,101.5,105.5,STK,ADL
CKR-023,105.5,109.5,TUF,ADL
CKR-023,109.5,110.0,AND,ADL
CKR-023,110.0,125.0,AND,ARG
CKR-024,0.0,102.5,TUF,PROP
CKR-024,102.5,124.0,TUF,ARG
CKR-024,124.0,126.0,TUF,ADL
CKR-024,126.0,134.0,STK,ADL
CKR-024,134.0,136.5,VN,SIL
CKR-024,136.5,144.5,STK,ADL
CKR-024,144.5,145.5,AND,ADL
CKR-024,145.5,166.0,AND,ARG
CKR-024,166.0,173.4,AND,PROP
CKR-025,0.0,115.5,TUF,PROP
CKR-025,115.5,166.0,AND,PROP
CKR-025,166.0,185.5,AND,ARG
CKR-025,185.5,186.5,AND,ADL
CKR-025,186.5,194.5,STK,ADL
CKR-025,194.5,196.5,VN,SIL
CKR-025,196.5,203.5,STK,ADL
CKR-025,203.5,206.0,AND,ADL
CKR-025,206.0,226.0,AND,ARG
CKR-025,226.0,244.5,AND,PROP
CKR-026,0.0,2.5,AND,ADL
CKR-026,2.5,7.5,STK,ADL
CKR-026,7.5,16.5,VN,SIL
CKR-026,16.5,22.5,STK,ADL
CKR-026,22.5,26.0,AND,ADL
CKR-026,26.0,46.5,AND,ARG
CKR-026,46.5,52.6,AND,PROP
CKR-027,0.0,4.5,TUF,PROP
CKR-027,4.5,11.0,AND,PROP
CKR-027,11.0,31.0,AND,ARG
CKR-027,31.0,33.5,AND,ADL
CKR-027,33.5,40.5,STK,ADL
CKR-027,40.5,50.5,VN,SIL
CKR-027,50.5,56.5,STK,ADL
CKR-027,56.5,59.5,AND,ADL
CKR-027,59.5,74.2,AND,ARG
CKR-028,0.0,54.5,TUF,PROP
CKR-028,54.5,75.0,TUF,ARG
CKR-028,75.0,78.0,TUF,ADL
CKR-028,78.0,84.5,STK,ADL
CKR-028,84.5,88.0,VN,SIL
CKR-028,88.0,95.0,STK,ADL
CKR-028,95.0,97.0,TUF,ADL
CKR-028,97.0,103.0,TUF,ARG
CKR-028,103.0,116.5,AND,ARG
CKR-028,116.5,129.3,AND,PROP
CKR-029,0.0,97.5,TUF,PROP
CKR-029,97.5,146.5,AND,PROP
CKR-029,146.5,165.5,AND,ARG
CKR-029,165.5,171.0,AND,ADL
CKR-029,171.0,183.0,STK,ADL
CKR-029,183.0,184.0,AND,ADL
CKR-029,184.0,197.5,AND,ARG
CKR-030,0.0,4.0,VN,SIL
CKR-030,4.0,9.5,STK,ADL
CKR-030,9.5,15.0,AND,ADL
CKR-030,15.0,37.0,AND,ARG
CKR-030,37.0,62.6,AND,PROP
CKR-031,0.0,5.5,AND,ARG
CKR-031,5.5,11.0,AND,ADL
CKR-031,11.0,15.5,STK,ADL
CKR-031,15.5,23.0,VN,SIL
CKR-031,23.0,27.0,STK,ADL
CKR-031,27.0,32.5,AND,ADL
CKR-031,32.5,53.5,AND,ARG
CKR-031,53.5,61.6,AND,PROP
CKR-032,0.0,43.0,TUF,PROP
CKR-032,43.0,65.0,TUF,ARG
CKR-032,65.0,68.0,TUF,ADL
CKR-032,68.0,75.5,STK,ADL
CKR-032,75.5,79.0,VN,SIL
CKR-032,79.0,87.0,STK,ADL
CKR-032,87.0,89.0,AND,ADL
CKR-032,89.0,109.5,AND,ARG
CKR-032,109.5,112.5,AND,PROP
CKR-033,0.0,68.5,TUF,PROP
CKR-033,68.5,151.5,AND,PROP
CKR-033,151.5,172.0,AND,ARG
CKR-033,172.0,175.5,AND,ADL
CKR-033,175.5,181.5,STK,ADL
CKR-033,181.5,185.0,VN,SIL
CKR-033,185.0,191.0,STK,ADL
CKR-033,191.0,194.5,AND,ADL
CKR-033,194.5,214.5,AND,ARG
CKR-033,214.5,222.1,AND,PROP
CKR-034,0.0,2.5,VN,SIL
CKR-034,2.5,7.5,STK,ADL
CKR-034,7.5,12.0,AND,ADL
CKR-034,12.0,31.0,AND,ARG
CKR-034,31.0,51.9,AND,PROP
CKR-035,0.0,1.0,AND,ADL
CKR-035,1.0,5.5,STK,ADL
CKR-035,5.5,13.0,VN,SIL
CKR-035,13.0,17.0,STK,ADL
CKR-035,17.0,21.5,AND,ADL
CKR-035,21.5,39.5,AND,ARG
CKR-035,39.5,47.4,AND,PROP
CKR-036,0.0,30.0,TUF,PROP
CKR-036,30.0,31.5,TUF,ARG
CKR-036,31.5,50.0,AND,ARG
CKR-036,50.0,53.5,AND,ADL
CKR-036,53.5,59.0,STK,ADL
CKR-036,59.0,64.0,VN,SIL
CKR-036,64.0,69.5,STK,ADL
CKR-036,69.5,73.5,AND,ADL
CKR-036,73.5,94.5,AND,ARG
CKR-036,94.5,102.6,AND,PROP
CKR-037,0.0,93.5,AND,PROP
CKR-037,93.5,117.5,AND,ARG
CKR-037,117.5,121.0,AND,ADL
CKR-037,121.0,128.0,STK,ADL
CKR-037,128.0,131.0,VN,SIL
CKR-037,131.0,138.5,STK,ADL
CKR-037,138.5,141.0,AND,ADL
CKR-037,141.0,162.5,AND,ARG
CKR-037,162.5,168.5,AND,PROP
CKR-038,0.0,3.5,STK,ADL
CKR-038,3.5,6.5,AND,ADL
CKR-038,6.5,26.0,AND,ARG
CKR-038,26.0,51.3,AND,PROP
CKR-039,0.0,4.0,TUF,ARG
CKR-039,4.0,8.5,TUF,ADL
CKR-039,8.5,14.0,STK,ADL
CKR-039,14.0,22.0,VN,SIL
CKR-039,22.0,26.5,STK,ADL
CKR-039,26.5,31.0,AND,ADL
CKR-039,31.0,51.0,AND,ARG
CKR-039,51.0,57.1,AND,PROP
CKR-040,0.0,21.0,AND,PROP
CKR-040,21.0,42.0,AND,ARG
CKR-040,42.0,47.5,AND,ADL
CKR-040,47.5,52.0,STK,ADL
CKR-040,52.0,59.0,VN,SIL
CKR-040,59.0,63.5,STK,ADL
CKR-040,63.5,69.0,AND,ADL
CKR-040,69.0,80.2,AND,ARG
CKR-041,0.0,132.5,AND,PROP
CKR-041,132.5,153.0,AND,ARG
CKR-041,153.0,158.0,AND,ADL
CKR-041,158.0,162.5,STK,ADL
CKR-041,162.5,166.0,VN,SIL
CKR-041,166.0,171.0,STK,ADL
CKR-041,171.0,175.0,AND,ADL
CKR-041,175.0,193.5,AND,ARG
CKR-041,193.5,206.7,AND,PROP
CKR-042,0.0,5.5,VN,SIL
CKR-042,5.5,12.5,STK,ADL
CKR-042,12.5,15.0,AND,ADL
CKR-042,15.0,35.0,AND,ARG
CKR-042,35.0,45.4,AND,PROP
CKR-043,0.0,2.5,AND,ARG
CKR-043,2.5,5.0,AND,ADL
CKR-043,5.0,11.5,STK,ADL
CKR-043,11.5,21.5,VN,SIL
CKR-043,21.5,27.0,STK,ADL
CKR-043,27.0,30.0,AND,ADL
CKR-043,30.0,44.9,AND,ARG
CKR-044,0.0,37.0,AND,PROP
CKR-044,37.0,57.5,AND,ARG
CKR-044,57.5,61.5,AND,ADL
CKR-044,61.5,67.0,STK,ADL
CKR-044,67.0,76.0,VN,SIL
CKR-044,76.0,81.0,STK,ADL
CKR-044,81.0,85.0,AND,ADL
CKR-044,85.0,105.5,AND,ARG
CKR-044,105.5,109.8,AND,PROP
CKR-045,0.0,160.5,AND,PROP
CKR-045,160.5,181.5,AND,ARG
CKR-045,181.5,186.5,AND,ADL
CKR-045,186.5,191.5,STK,ADL
CKR-045,191.5,195.0,VN,SIL
CKR-045,195.0,200.5,STK,ADL
CKR-045,200.5,203.5,AND,ADL
CKR-045,203.5,222.5,AND,ARG
CKR-045,222.5,241.3,AND,PROP
CKR-046,0.0,8.0,STK,ADL
CKR-046,8.0,9.5,AND,ADL
CKR-046,9.5,28.5,AND,ARG
CKR-046,28.5,53.8,AND,PROP
CKR-047,0.0,5.0,AND,PROP
CKR-047,5.0,26.0,AND,ARG
CKR-047,26.0,26.5,AND,ADL
CKR-047,26.5,35.5,STK,ADL
CKR-047,35.5,37.5,BX,SIL
CKR-047,37.5,47.5,VN,SIL
CKR-047,47.5,54.5,STK,ADL
CKR-047,54.5,56.5,AND,ADL
CKR-047,56.5,76.5,AND,ARG
CKR-047,76.5,85.3,AND,PROP
CKR-048,0.0,31.5,AND,PROP
CKR-048,31.5,51.5,AND,ARG
CKR-048,51.5,55.0,AND,ADL
CKR-048,55.0,61.0,STK,ADL
CKR-048,61.0,70.5,VN,SIL
CKR-048,70.5,76.0,STK,ADL
CKR-048,76.0,79.5,AND,ADL
CKR-048,79.5,97.0,AND,ARG
CKR-049,0.0,133.5,AND,PROP
CKR-049,133.5,155.0,AND,ARG
CKR-049,155.0,158.5,AND,ADL
CKR-049,158.5,165.5,STK,ADL
CKR-049,165.5,173.5,VN,SIL
CKR-049,173.5,178.5,STK,ADL
CKR-049,178.5,183.0,AND,ADL
CKR-049,183.0,203.0,AND,ARG
CKR-049,203.0,209.6,AND,PROP
CKR-050,0.0,4.0,STK,ADL
CKR-050,4.0,6.0,BX,SIL
CKR-050,6.0,15.5,VN,SIL
CKR-050,15.5,17.5,BX,SIL
CKR-050,17.5,26.5,STK,ADL
CKR-050,26.5,27.5,AND,ADL
CKR-050,27.5,46.1,AND,ARG
CKR-051,0.0,32.0,AND,PROP
CKR-051,32.0,52.0,AND,ARG
CKR-051,52.0,53.0,AND,ADL
CKR-051,53.0,62.0,STK,ADL
CKR-051,62.0,63.5,BX,SIL
CKR-051,63.5,72.5,VN,SIL
CKR-051,72.5,74.0,BX,SIL
CKR-051,74.0,81.5,STK,ADL
CKR-051,81.5,83.0,AND,ADL
CKR-051,83.0,103.0,AND,ARG
CKR-051,103.0,107.5,AND,PROP
CKR-052,0.0,78.0,AND,PROP
CKR-052,78.0,96.5,AND,ARG
CKR-052,96.5,97.5,AND,ADL
CKR-052,97.5,105.0,STK,ADL
CKR-052,105.0,106.5,BX,SIL
CKR-052,106.5,115.0,VN,SIL
CKR-052,115.0,116.5,BX,SIL
CKR-052,116.5,124.5,STK,ADL
CKR-052,124.5,125.0,AND,ADL
CKR-052,125.0,135.6,AND,ARG
CKR-053,0.0,13.0,TUF,PROP
CKR-053,13.0,201.5,AND,PROP
CKR-053,201.5,224.0,AND,ARG
CKR-053,224.0,225.0,AND,ADL
CKR-053,225.0,234.0,STK,ADL
CKR-053,234.0,242.0,VN,SIL
CKR-053,242.0,248.0,STK,ADL
CKR-053,248.0,251.0,AND,ADL
CKR-053,251.0,270.0,AND,ARG
CKR-053,270.0,281.4,AND,PROP
CKR-054,0.0,8.0,TUF,ARG
CKR-054,8.0,10.0,TUF,ADL
CKR-054,10.0,17.5,STK,ADL
CKR-054,17.5,19.0,BX,SIL
CKR-054,19.0,28.5,VN,SIL
CKR-054,28.5,30.0,BX,SIL
CKR-054,30.0,39.0,STK,ADL
CKR-054,39.0,40.0,TUF,ADL
CKR-054,40.0,42.5,TUF,ARG
CKR-054,42.5,57.6,AND,ARG
CKR-055,0.0,41.0,AND,PROP
CKR-055,41.0,58.0,AND,ARG
CKR-055,58.0,60.5,STK,ARG
CKR-055,60.5,70.0,STK,ADL
CKR-055,70.0,72.5,BX,SIL
CKR-055,72.5,85.5,VN,SIL
CKR-055,85.5,88.0,BX,SIL
CKR-055,88.0,97.0,STK,ADL
CKR-055,97.0,99.0,STK,ARG
CKR-055,99.0,116.5,AND,ARG
CKR-055,116.5,118.3,AND,PROP
CKR-056,0.0,19.5,TUF,PROP
CKR-056,19.5,130.5,AND,PROP
CKR-056,130.5,149.5,AND,ARG
CKR-056,149.5,150.0,STK,ARG
CKR-056,150.0,159.0,STK,ADL
CKR-056,159.0,161.0,BX,SIL
CKR-056,161.0,171.0,VN,SIL
CKR-056,171.0,173.0,BX,SIL
CKR-056,173.0,182.5,STK,ADL
CKR-056,182.5,184.0,STK,ARG
CKR-056,184.0,202.0,AND,ARG
CKR-056,202.0,210.4,AND,PROP
CKR-057,0.0,14.0,AND,PROP
CKR-057,14.0,143.5,TUF,PROP
CKR-057,143.5,262.0,AND,PROP
CKR-057,262.0,282.5,AND,ARG
CKR-057,282.5,284.0,AND,ADL
CKR-057,284.0,292.0,STK,ADL
CKR-057,292.0,299.5,VN,SIL
CKR-057,299.5,305.0,STK,ADL
CKR-057,305.0,308.0,AND,ADL
CKR-057,308.0,326.5,AND,ARG
CKR-057,326.5,338.5,AND,PROP
CKR-057,338.5,345.0,TUF,PROP
CKR-058,0.0,14.5,TUF,PROP
CKR-058,14.5,19.5,AND,PROP
CKR-058,19.5,40.0,AND,ARG
CKR-058,40.0,41.0,AND,ADL
CKR-058,41.0,49.0,STK,ADL
CKR-058,49.0,51.0,BX,SIL
CKR-058,51.0,61.5,VN,SIL
CKR-058,61.5,63.5,BX,SIL
CKR-058,63.5,74.0,STK,ADL
CKR-058,74.0,76.0,STK,ARG
CKR-058,76.0,85.9,AND,ARG
CKR-059,0.0,67.5,AND,PROP
CKR-059,67.5,82.0,AND,ARG
CKR-059,82.0,86.5,STK,ARG
CKR-059,86.5,95.5,STK,ADL
CKR-059,95.5,98.0,BX,SIL
CKR-059,98.0,112.0,VN,SIL
CKR-059,112.0,115.0,BX,SIL
CKR-059,115.0,124.0,STK,ADL
CKR-059,124.0,129.0,STK,ARG
CKR-059,129.0,135.6,AND,ARG
CKR-060,0.0,10.5,TUF,PROP
CKR-060,10.5,134.0,AND,PROP
CKR-060,134.0,153.0,AND,ARG
CKR-060,153.0,155.0,STK,ARG
CKR-060,155.0,164.5,STK,ADL
CKR-060,164.5,167.0,BX,SIL
CKR-060,167.0,178.0,VN,SIL
CKR-060,178.0,180.5,BX,SIL
CKR-060,180.5,189.5,STK,ADL
CKR-060,189.5,191.0,STK,ARG
CKR-060,191.0,202.0,AND,ARG
CKR-061,0.0,62.0,AND,PROP
CKR-061,62.0,173.5,TUF,PROP
CKR-061,173.5,280.0,AND,PROP
CKR-061,280.0,298.5,AND,ARG
CKR-061,298.5,299.0,STK,ARG
CKR-061,299.0,307.5,STK,ADL
CKR-061,307.5,309.0,BX,SIL
CKR-061,309.0,317.0,VN,SIL
CKR-061,317.0,318.5,BX,SIL
CKR-061,318.5,327.0,STK,ADL
CKR-061,327.0,328.0,STK,ARG
CKR-061,328.0,345.0,AND,ARG
CKR-061,345.0,354.4,AND,PROP
CKR-062,0.0,57.0,TUF,PROP
CKR-062,57.0,63.5,TUF,ARG
CKR-062,63.5,77.5,AND,ARG
CKR-062,77.5,80.0,AND,ADL
CKR-062,80.0,87.0,STK,ADL
CKR-062,87.0,97.0,VN,SIL
CKR-062,97.0,98.5,BX,SIL
CKR-062,98.5,109.0,STK,ADL
CKR-062,109.0,130.5,AND,ARG
CKR-062,130.5,136.2,AND,PROP
CKR-063,0.0,77.5,TUF,PROP
CKR-063,77.5,143.5,AND,PROP
CKR-063,143.5,160.5,AND,ARG
CKR-063,160.5,161.5,STK,ARG
CKR-063,161.5,170.0,STK,ADL
CKR-063,170.0,172.0,BX,SIL
CKR-063,172.0,181.5,VN,SIL
CKR-063,181.5,183.5,BX,SIL
CKR-063,183.5,192.0,STK,ADL
CKR-063,192.0,192.5,STK,ARG
CKR-063,192.5,202.4,AND,ARG
CKR-064,0.0,76.5,TUF,PROP
CKR-064,76.5,182.5,AND,PROP
CKR-064,182.5,203.0,AND,ARG
CKR-064,203.0,203.5,STK,ARG
CKR-064,203.5,214.0,STK,ADL
CKR-064,214.0,216.0,BX,SIL
CKR-064,216.0,225.5,VN,SIL
CKR-064,225.5,227.5,BX,SIL
CKR-064,227.5,236.5,STK,ADL
CKR-064,236.5,237.0,AND,ADL
CKR-064,237.0,253.1,AND,ARG
CKR-065,0.0,83.5,AND,PROP
CKR-065,83.5,187.0,TUF,PROP
CKR-065,187.0,299.0,AND,PROP
CKR-065,299.0,317.0,AND,ARG
CKR-065,317.0,317.5,STK,ARG
CKR-065,317.5,326.0,STK,ADL
CKR-065,326.0,327.5,BX,SIL
CKR-065,327.5,335.5,VN,SIL
CKR-065,335.5,337.0,BX,SIL
CKR-065,337.0,345.5,STK,ADL
CKR-065,345.5,346.5,STK,ARG
CKR-065,346.5,364.0,AND,ARG
CKR-065,364.0,373.6,AND,PROP
CKR-066,0.0,24.0,TUF,FRESH
CKR-066,24.0,91.0,TUF,PROP
CKR-066,91.0,111.0,TUF,ARG
CKR-066,111.0,111.5,AND,ARG
CKR-066,111.5,121.0,STK,ADL
CKR-066,121.0,123.0,BX,SIL
CKR-066,123.0,133.0,VN,SIL
CKR-066,133.0,135.0,BX,SIL
CKR-066,135.0,143.5,STK,ADL
CKR-066,143.5,144.0,AND,ADL
CKR-066,144.0,152.6,AND,ARG
CKR-067,0.0,81.0,TUF,PROP
CKR-067,81.0,118.5,AND,PROP
CKR-067,118.5,138.5,AND,ARG
CKR-067,138.5,148.0,STK,ADL
CKR-067,148.0,150.0,BX,SIL
CKR-067,150.0,160.0,VN,SIL
CKR-067,160.0,161.5,BX,SIL
CKR-067,161.5,171.0,STK,ADL
CKR-067,171.0,189.1,AND,ARG
CKR-068,0.0,37.5,AND,PROP
CKR-068,37.5,96.0,TUF,PROP
CKR-068,96.0,208.0,AND,PROP
CKR-068,208.0,226.5,AND,ARG
CKR-068,226.5,227.5,AND,ADL
CKR-068,227.5,235.5,STK,ADL
CKR-068,235.5,237.0,BX,SIL
CKR-068,237.0,245.0,VN,SIL
CKR-068,245.0,246.5,BX,SIL
CKR-068,246.5,254.0,STK,ADL
CKR-068,254.0,255.0,AND,ADL
CKR-068,255.0,273.0,AND,ARG
CKR-068,273.0,274.7,AND,PROP
CKR-069,0.0,91.0,AND,PROP
CKR-069,91.0,187.0,TUF,PROP
CKR-069,187.0,319.0,AND,PROP
CKR-069,319.0,336.5,AND,ARG
CKR-069,336.5,339.0,AND,ADL
CKR-069,339.0,344.5,STK,ADL
CKR-069,344.5,351.0,VN,SIL
CKR-069,351.0,357.0,STK,ADL
CKR-069,357.0,359.0,AND,ADL
CKR-069,359.0,376.5,AND,ARG
CKR-069,376.5,397.5,AND,PROP
CKR-070,0.0,18.5,TUF,FRESH
CKR-070,18.5,126.5,TUF,PROP
CKR-070,126.5,137.5,AND,PROP
CKR-070,137.5,157.0,AND,ARG
CKR-070,157.0,157.5,AND,ADL
CKR-070,157.5,166.5,STK,ADL
CKR-070,166.5,168.0,BX,SIL
CKR-070,168.0,176.5,VN,SIL
CKR-070,176.5,178.0,BX,SIL
CKR-070,178.0,185.5,STK,ADL
CKR-070,185.5,187.0,AND,ADL
CKR-070,187.0,206.0,AND,ARG
CKR-070,206.0,214.6,AND,PROP
CKR-071,0.0,106.0,TUF,PROP
CKR-071,106.0,160.5,AND,PROP
CKR-071,160.5,180.0,AND,ARG
CKR-071,180.0,182.0,AND,ADL
CKR-071,182.0,189.5,STK,ADL
CKR-071,189.5,200.0,VN,SIL
CKR-071,200.0,200.5,BX,SIL
CKR-071,200.5,208.0,STK,ADL
CKR-071,208.0,209.5,AND,ADL
CKR-071,209.5,225.2,AND,ARG
CKR-072,0.0,103.5,TUF,PROP
CKR-072,103.5,212.5,AND,PROP
CKR-072,212.5,233.5,AND,ARG
CKR-072,233.5,235.5,AND,ADL
CKR-072,235.5,243.5,STK,ADL
CKR-072,243.5,255.0,VN,SIL
CKR-072,255.0,262.0,STK,ADL
CKR-072,262.0,264.5,AND,ADL
CKR-072,264.5,281.1,AND,ARG
CKR-073,0.0,92.0,AND,PROP
CKR-073,92.0,114.5,TUF,PROP
CKR-073,114.5,278.0,AND,PROP
CKR-073,278.0,298.0,AND,ARG
CKR-073,298.0,302.5,AND,ADL
CKR-073,302.5,307.0,STK,ADL
CKR-073,307.0,312.5,VN,SIL
CKR-073,312.5,316.5,STK,ADL
CKR-073,316.5,321.5,AND,ADL
CKR-073,321.5,340.5,AND,ARG
CKR-073,340.5,358.6,AND,PROP
CKR-074,0.0,35.0,TUF,FRESH
CKR-074,35.0,127.5,TUF,PROP
CKR-074,127.5,131.5,TUF,ARG
CKR-074,131.5,147.0,AND,ARG
CKR-074,147.0,156.0,STK,ADL
CKR-074,156.0,157.5,BX,SIL
CKR-074,157.5,167.0,VN,SIL
CKR-074,167.0,168.5,BX,SIL
CKR-074,168.5,177.5,STK,ADL
CKR-074,177.5,191.8,AND,ARG
CKR-075,0.0,35.0,TUF,FRESH
CKR-075,35.0,117.0,TUF,PROP
CKR-075,117.0,157.5,AND,PROP
CKR-075,157.5,179.5,AND,ARG
CKR-075,179.5,180.5,AND,ADL
CKR-075,180.5,190.5,STK,ADL
CKR-075,190.5,192.0,BX,SIL
CKR-075,192.0,201.5,VN,SIL
CKR-075,201.5,203.5,BX,SIL
CKR-075,203.5,211.5,STK,ADL
CKR-075,211.5,213.5,AND,ADL
CKR-075,213.5,236.5,AND,ARG
CKR-075,236.5,243.3,AND,PROP
CKR-076,0.0,104.0,TUF,PROP
CKR-076,104.0,223.5,AND,PROP
CKR-076,223.5,244.0,AND,ARG
CKR-076,244.0,246.5,AND,ADL
CKR-076,246.5,254.0,STK,ADL
CKR-076,254.0,264.0,VN,SIL
CKR-076,264.0,270.5,STK,ADL
CKR-076,270.5,273.5,AND,ADL
CKR-076,273.5,285.6,AND,ARG
CKR-077,0.0,12.5,TUF,PROP
CKR-077,12.5,306.5,AND,PROP
CKR-077,306.5,324.5,AND,ARG
CKR-077,324.5,329.0,AND,ADL
CKR-077,329.0,333.0,STK,ADL
CKR-077,333.0,338.0,VN,SIL
CKR-077,338.0,342.0,STK,ADL
CKR-077,342.0,347.0,AND,ADL
CKR-077,347.0,365.5,AND,ARG
CKR-077,365.5,393.7,AND,PROP
CKR-078,0.0,64.0,TUF,FRESH
CKR-078,64.0,109.5,TUF,PROP
CKR-078,109.5,111.5,TUF,ARG
CKR-078,111.5,127.0,AND,ARG
CKR-078,127.0,131.0,STK,ARG
CKR-078,131.0,140.5,STK,ADL
CKR-078,140.5,143.5,BX,SIL
CKR-078,143.5,156.0,VN,SIL
CKR-078,156.0,158.5,BX,SIL
CKR-078,158.5,167.5,STK,ADL
CKR-078,167.5,169.5,STK,ARG
CKR-078,169.5,181.7,AND,ARG
CKR-079,0.0,9.5,AND,FRESH
CKR-079,9.5,19.5,AND,PROP
CKR-079,19.5,88.5,TUF,PROP
CKR-079,88.5,190.5,AND,PROP
CKR-079,190.5,211.0,AND,ARG
CKR-079,211.0,212.0,AND,ADL
CKR-079,212.0,220.5,STK,ADL
CKR-079,220.5,222.0,BX,SIL
CKR-079,222.0,232.0,VN,SIL
CKR-079,232.0,239.0,STK,ADL
CKR-079,239.0,241.0,AND,ADL
CKR-079,241.0,261.5,AND,ARG
CKR-079,261.5,275.7,AND,PROP
CKR-080,0.0,45.5,TUF,PROP
CKR-080,45.5,270.5,AND,PROP
CKR-080,270.5,291.0,AND,ARG
CKR-080,291.0,295.0,AND,ADL
CKR-080,295.0,300.0,STK,ADL
CKR-080,300.0,307.0,VN,SIL
CKR-080,307.0,311.0,STK,ADL
CKR-080,311.0,315.5,AND,ADL
CKR-080,315.5,333.5,AND,ARG
CKR-080,333.5,335.9,AND,PROP
CKR-081,0.0,55.0,TUF,PROP
CKR-081,55.0,315.5,AND,PROP
CKR-081,315.5,336.0,AND,ARG
CKR-081,336.0,341.5,AND,ADL
CKR-081,341.5,345.5,STK,ADL
CKR-081,345.5,351.5,VN,SIL
CKR-081,351.5,357.0,STK,ADL
CKR-081,357.0,361.5,AND,ADL
CKR-081,361.5,383.0,AND,ARG
CKR-082,0.0,41.0,AND,FRESH
CKR-082,41.0,66.0,TUF,FRESH
CKR-082,66.0,73.5,TUF,PROP
CKR-082,73.5,119.0,AND,PROP
CKR-082,119.0,136.0,AND,ARG
CKR-082,136.0,137.5,STK,ARG
CKR-082,137.5,146.0,STK,ADL
CKR-082,146.0,148.0,BX,SIL
CKR-082,148.0,157.5,VN,SIL
CKR-082,157.5,159.0,BX,SIL
CKR-082,159.0,167.5,STK,ADL
CKR-082,167.5,184.5,AND,ARG
CKR-082,184.5,191.6,AND,PROP
CKR-083,0.0,16.0,AND,FRESH
CKR-083,16.0,190.5,AND,PROP
CKR-083,190.5,209.5,AND,ARG
CKR-083,209.5,212.5,AND,ADL
CKR-083,212.5,218.5,STK,ADL
CKR-083,218.5,228.5,VN,SIL
CKR-083,228.5,234.0,STK,ADL
CKR-083,234.0,237.0,AND,ADL
CKR-083,237.0,255.5,AND,ARG
CKR-083,255.5,258.4,AND,PROP
CKR-084,0.0,251.0,AND,PROP
CKR-084,251.0,270.0,AND,ARG
CKR-084,270.0,271.5,AND,ADL
CKR-084,271.5,279.0,STK,ADL
CKR-084,279.0,289.0,VN,SIL
CKR-084,289.0,294.5,STK,ADL
CKR-084,294.5,297.5,AND,ADL
CKR-084,297.5,315.5,AND,ARG
CKR-084,315.5,323.2,AND,PROP
CKR-085,0.0,69.0,TUF,PROP
CKR-085,69.0,321.5,AND,PROP
CKR-085,321.5,340.0,AND,ARG
CKR-085,340.0,343.5,AND,ADL
CKR-085,343.5,348.5,STK,ADL
CKR-085,348.5,355.0,VN,SIL
CKR-085,355.0,360.5,STK,ADL
CKR-085,360.5,364.0,AND,ADL
CKR-085,364.0,382.0,AND,ARG
CKR-085,382.0,404.5,AND,PROP
CKR-086,0.0,47.5,AND,FRESH
CKR-086,47.5,147.5,AND,PROP
CKR-086,147.5,165.5,AND,ARG
CKR-086,165.5,168.5,AND,ADL
CKR-086,168.5,174.0,STK,ADL
CKR-086,174.0,181.5,VN,SIL
CKR-086,181.5,186.0,STK,ADL
CKR-086,186.0,189.5,AND,ADL
CKR-086,189.5,205.5,AND,ARG
CKR-086,205.5,206.5,TUF,ARG
CKR-086,206.5,213.7,TUF,PROP
CKR-087,0.0,35.5,AND,FRESH
CKR-087,35.5,187.0,AND,PROP
CKR-087,187.0,208.0,AND,ARG
CKR-087,208.0,213.5,AND,ADL
CKR-087,213.5,218.0,STK,ADL
CKR-087,218.0,226.0,VN,SIL
CKR-087,226.0,231.0,STK,ADL
CKR-087,231.0,235.5,AND,ADL
CKR-087,235.5,253.7,AND,ARG
CKR-088,0.0,235.0,AND,PROP
CKR-088,235.0,253.5,AND,ARG
CKR-088,253.5,256.5,AND,ADL
CKR-088,256.5,262.5,STK,ADL
CKR-088,262.5,272.0,VN,SIL
CKR-088,272.0,278.5,STK,ADL
CKR-088,278.5,281.0,AND,ADL
CKR-088,281.0,300.0,AND,ARG
CKR-088,300.0,309.8,AND,PROP
CKR-089,0.0,48.0,TUF,PROP
CKR-089,48.0,316.0,AND,PROP
CKR-089,316.0,335.0,AND,ARG
CKR-089,335.0,338.5,AND,ADL
CKR-089,338.5,344.0,STK,ADL
CKR-089,344.0,351.0,VN,SIL
CKR-089,351.0,357.0,STK,ADL
CKR-089,357.0,360.0,AND,ADL
CKR-089,360.0,379.0,AND,ARG
CKR-089,379.0,383.6,AND,PROP
CKR-090,0.0,42.0,AND,FRESH
CKR-090,42.0,95.5,AND,PROP
CKR-090,95.5,120.5,AND,ARG
CKR-090,120.5,125.0,AND,ADL
CKR-090,125.0,132.0,STK,ADL
CKR-090,132.0,140.5,VN,SIL
CKR-090,140.5,145.0,STK,ADL
CKR-090,145.0,150.5,AND,ADL
CKR-090,150.5,168.0,AND,ARG
CKR-090,168.0,171.1,TUF,ARG
CKR-091,0.0,16.0,AND,FRESH
CKR-091,16.0,208.5,AND,PROP
CKR-091,208.5,227.5,AND,ARG
CKR-091,227.5,232.5,AND,ADL
CKR-091,232.5,236.5,STK,ADL
CKR-091,236.5,242.5,VN,SIL
CKR-091,242.5,247.0,STK,ADL
CKR-091,247.0,251.5,AND,ADL
CKR-091,251.5,270.1,AND,ARG
CKR-092,0.0,8.0,AND,FRESH
CKR-092,8.0,259.0,AND,PROP
CKR-092,259.0,280.0,AND,ARG
CKR-092,280.0,284.5,AND,ADL
CKR-092,284.5,289.5,STK,ADL
CKR-092,289.5,299.0,VN,SIL
CKR-092,299.0,307.0,STK,ADL
CKR-092,307.0,310.0,AND,ADL
CKR-092,310.0,329.4,AND,ARG
CKR-093,0.0,322.0,AND,PROP
CKR-093,322.0,341.0,AND,ARG
CKR-093,341.0,345.5,AND,ADL
CKR-093,345.5,350.0,STK,ADL
CKR-093,350.0,355.5,VN,SIL
CKR-093,355.5,360.0,STK,ADL
CKR-093,360.0,364.5,AND,ADL
CKR-093,364.5,384.0,AND,ARG
CKR-093,384.0,408.2,AND,PROP
CKR-094,0.0,28.5,AND,FRESH
CKR-094,28.5,125.5,AND,PROP
CKR-094,125.5,145.5,AND,ARG
CKR-094,145.5,148.5,AND,ADL
CKR-094,148.5,154.0,STK,ADL
CKR-094,154.0,157.5,VN,SIL
CKR-094,157.5,163.5,STK,ADL
CKR-094,163.5,164.0,AND,ADL
CKR-094,164.0,167.0,TUF,ADL
CKR-094,167.0,186.5,TUF,ARG
CKR-094,186.5,198.8,TUF,PROP
CKR-095,0.0,13.5,AND,FRESH
CKR-095,13.5,216.5,AND,PROP
CKR-095,216.5,229.0,AND,ARG
CKR-095,229.0,236.0,TUF,ARG
CKR-095,236.0,240.5,TUF,ADL
CKR-095,240.5,245.0,STK,ADL
CKR-095,245.0,250.0,VN,SIL
CKR-095,250.0,254.5,STK,ADL
CKR-095,254.5,259.0,TUF,ADL
CKR-095,259.0,274.8,TUF,ARG
CKR-096,0.0,252.5,AND,PROP
CKR-096,252.5,272.5,AND,ARG
CKR-096,272.5,276.5,AND,ADL
CKR-096,276.5,281.5,STK,ADL
CKR-096,281.5,286.0,VN,SIL
CKR-096,286.0,291.5,STK,ADL
CKR-096,291.5,295.0,AND,ADL
CKR-096,295.0,314.5,AND,ARG
CKR-096,314.5,342.0,AND,PROP
CKR-097,0.0,317.5,AND,PROP
CKR-097,317.5,336.5,AND,ARG
CKR-097,336.5,341.5,AND,ADL
CKR-097,341.5,345.5,STK,ADL
CKR-097,345.5,350.0,VN,SIL
CKR-097,350.0,354.0,STK,ADL
CKR-097,354.0,359.0,AND,ADL
CKR-097,359.0,377.5,AND,ARG
CKR-097,377.5,409.3,AND,PROP
CKR-098,0.0,26.5,AND,FRESH
CKR-098,26.5,105.0,AND,PROP
CKR-098,105.0,125.0,AND,ARG
CKR-098,125.0,130.0,AND,ADL
CKR-098,130.0,134.5,STK,ADL
CKR-098,134.5,138.5,VN,SIL
CKR-098,138.5,143.5,STK,ADL
CKR-098,143.5,147.5,TUF,ADL
CKR-098,147.5,166.5,TUF,ARG
CKR-098,166.5,174.7,TUF,PROP
CKR-099,0.0,21.0,TUF,FRESH
CKR-099,21.0,77.0,TUF,PROP
CKR-099,77.0,193.0,AND,PROP
CKR-099,193.0,204.0,AND,ARG
CKR-099,204.0,213.0,TUF,ARG
CKR-099,213.0,218.0,TUF,ADL
CKR-099,218.0,222.5,STK,ADL
CKR-099,222.5,227.5,VN,SIL
CKR-099,227.5,232.5,STK,ADL
CKR-099,232.5,237.5,TUF,ADL
CKR-099,237.5,257.5,TUF,ARG
CKR-099,257.5,264.5,TUF,PROP
CKR-099,264.5,267.9,AND,PROP
CKR-100,0.0,28.0,AND,FRESH
CKR-100,28.0,81.5,AND,PROP
CKR-100,81.5,100.5,AND,ARG
CKR-100,100.5,101.5,TUF,ARG
CKR-100,101.5,104.5,TUF,ADL
CKR-100,104.5,111.0,STK,ADL
CKR-100,111.0,115.5,VN,SIL
CKR-100,115.5,121.0,STK,ADL
CKR-100,121.0,124.5,TUF,ADL
CKR-100,124.5,144.0,TUF,ARG
CKR-100,144.0,159.2,TUF,PROP
CKR-101,0.0,12.5,TUF,FRESH
CKR-101,12.5,93.0,TUF,PROP
CKR-101,93.0,176.5,AND,PROP
CKR-101,176.5,183.0,TUF,PROP
CKR-101,183.0,201.5,TUF,ARG
CKR-101,201.5,206.0,TUF,ADL
CKR-101,206.0,210.0,STK,ADL
CKR-101,210.0,214.0,VN,SIL
CKR-101,214.0,218.5,STK,ADL
CKR-101,218.5,223.0,TUF,ADL
CKR-101,223.0,241.5,TUF,ARG
CKR-101,241.5,260.0,TUF,PROP
CKR-102,0.0,14.5,TUF,FRESH
CKR-102,14.5,33.0,TUF,PROP
CKR-102,33.0,83.0,AND,PROP
CKR-102,83.0,87.0,TUF,PROP
CKR-102,87.0,106.0,TUF,ARG
CKR-102,106.0,108.0,TUF,ADL
CKR-102,108.0,115.0,STK,ADL
CKR-102,115.0,119.0,VN,SIL
CKR-102,119.0,125.5,STK,ADL
CKR-102,125.5,127.5,TUF,ADL
CKR-102,127.5,147.0,TUF,ARG
CKR-102,147.0,158.2,TUF,PROP
CKR-103,0.0,25.5,AND,PROP
CKR-103,25.5,168.0,TUF,PROP
CKR-103,168.0,187.5,TUF,ARG
CKR-103,187.5,189.5,TUF,ADL
CKR-103,189.5,197.0,STK,ADL
CKR-103,197.0,200.0,VN,SIL
CKR-103,200.0,207.0,STK,ADL
CKR-103,207.0,209.0,TUF,ADL
CKR-103,209.0,228.5,TUF,ARG
CKR-103,228.5,242.0,TUF,PROP
