BHID,FROM,TO,LITH
SBR-01-050,0.0,1.0,TOP
SBR-01-050,1.0,8.0,PSR
SBR-01-050,8.0,9.0,KAK
SBR-01-050,9.0,10.0,KONG
SBR-01-075,0.0,1.0,TOP
SBR-01-075,1.0,7.0,PSR
SBR-01-075,7.0,8.0,KAK
SBR-01-075,8.0,9.3,KONG
SBR-01-100,0.0,1.0,TOP
SBR-01-100,1.0,6.0,LMP
SBR-01-100,6.0,7.0,KAK
SBR-01-100,7.0,8.1,KONG
SBR-01-125,0.0,1.0,TOP
SBR-01-125,1.0,5.0,LMP
SBR-01-125,5.0,7.1,KONG
SBR-01-150,0.0,1.0,TOP
SBR-01-150,1.0,4.0,LMP
SBR-01-150,4.0,5.0,KAK
SBR-01-150,5.0,6.4,KONG
SBR-01-175,0.0,2.0,TOP
SBR-01-175,2.0,3.5,LMP
SBR-01-200,0.0,2.0,TOP
SBR-01-200,2.0,5.0,LMP
SBR-01-200,5.0,6.0,KAK
SBR-01-200,6.0,7.4,KONG
SBR-01-225,0.0,2.0,TOP
SBR-01-225,2.0,6.0,LMP
SBR-01-225,6.0,7.0,KAK
SBR-01-225,7.0,8.4,KONG
SBR-01-250,0.0,2.0,TOP
SBR-01-250,2.0,7.0,LMP
SBR-01-250,7.0,9.0,KAK
SBR-01-250,9.0,10.2,KONG
SBR-01-275,0.0,2.0,TOP
SBR-01-275,2.0,8.0,LMP
SBR-01-275,8.0,10.0,KAK
SBR-01-275,10.0,11.4,KONG
SBR-01-300,0.0,2.0,TOP
SBR-01-300,2.0,9.0,PSR
SBR-01-300,9.0,12.0,KAK
SBR-01-300,12.0,13.2,KONG
SBR-01-325,0.0,2.0,TOP
SBR-01-325,2.0,10.0,PSR
SBR-01-325,10.0,13.0,KAK
SBR-01-325,13.0,14.3,KONG
SBR-01-350,0.0,2.0,TOP
SBR-01-350,2.0,11.0,PSR
SBR-01-350,11.0,15.0,KAK
SBR-01-350,15.0,16.2,KONG
SBR-01-375,0.0,2.0,TOP
SBR-01-375,2.0,12.0,PSR
SBR-01-375,12.0,16.0,KAK
SBR-01-375,16.0,17.2,KONG
SBR-01-400,0.0,2.0,TOP
SBR-01-400,2.0,13.0,PSR
SBR-01-400,13.0,16.0,KAK
SBR-01-400,16.0,17.3,KONG
SBR-01-425,0.0,2.0,TOP
SBR-01-425,2.0,13.0,PSR
SBR-01-425,13.0,16.0,KAK
SBR-01-425,16.0,17.9,KONG
SBR-01-450,0.0,2.0,TOP
SBR-01-450,2.0,13.0,PSR
SBR-01-450,13.0,16.0,KAK
SBR-01-450,16.0,17.5,KONG
SBR-01-475,0.0,2.0,TOP
SBR-01-475,2.0,12.0,PSR
SBR-01-475,12.0,15.0,KAK
SBR-01-475,15.0,15.9,KONG
SBR-01-500,0.0,2.0,TOP
SBR-01-500,2.0,10.0,PSR
SBR-01-500,10.0,13.0,KAK
SBR-01-500,13.0,14.3,KONG
SBR-01-525,0.0,1.0,TOP
SBR-01-525,1.0,9.0,PSR
SBR-01-525,9.0,11.0,KAK
SBR-01-525,11.0,12.1,KONG
SBR-01-550,0.0,2.0,TOP
SBR-01-550,2.0,8.0,PSR
SBR-01-550,8.0,9.0,KAK
SBR-01-550,9.0,10.9,KONG
SBR-01-575,0.0,2.0,TOP
SBR-01-575,2.0,8.0,LMP
SBR-01-575,8.0,9.0,KAK
SBR-01-575,9.0,10.1,KONG
SBR-01-600,0.0,2.0,TOP
SBR-01-600,2.0,4.6,LMP
SBR-01-625,0.0,2.0,TOP
SBR-01-625,2.0,5.0,LMP
SBR-01-625,5.0,6.0,KAK
SBR-01-625,6.0,7.4,KONG
SBR-01-650,0.0,2.0,TOP
SBR-01-650,2.0,5.0,LMP
SBR-01-650,5.0,6.8,KONG
SBR-02-050,0.0,1.0,TOP
SBR-02-050,1.0,6.0,LMP
SBR-02-050,6.0,7.0,KAK
SBR-02-050,7.0,8.4,KONG
SBR-02-075,0.0,1.0,TOP
SBR-02-075,1.0,6.0,LMP
SBR-02-075,6.0,7.0,KAK
SBR-02-075,7.0,8.2,KONG
SBR-02-100,0.0,1.0,TOP
SBR-02-100,1.0,6.0,PSR
SBR-02-100,6.0,7.0,KAK
SBR-02-100,7.0,8.3,KONG
SBR-02-125,0.0,1.0,TOP
SBR-02-125,1.0,5.4,PSR
SBR-02-150,0.0,1.0,TOP
SBR-02-150,1.0,6.0,PSR
SBR-02-150,6.0,7.0,KAK
SBR-02-150,7.0,8.3,KONG
SBR-02-175,0.0,1.0,TOP
SBR-02-175,1.0,7.0,PSR
SBR-02-175,7.0,8.8,KONG
SBR-02-200,0.0,1.0,TOP
SBR-02-200,1.0,5.1,LMP
SBR-02-225,0.0,1.0,TOP
SBR-02-225,1.0,8.0,LMP
SBR-02-225,8.0,10.0,KAK
SBR-02-225,10.0,11.3,KONG
SBR-02-250,0.0,1.0,TOP
SBR-02-250,1.0,10.0,LMP
SBR-02-250,10.0,11.0,KAK
SBR-02-250,11.0,13.2,KONG
SBR-02-275,0.0,2.0,TOP
SBR-02-275,2.0,11.0,LMP
SBR-02-275,11.0,13.0,KAK
SBR-02-275,13.0,14.7,KONG
SBR-02-300,0.0,2.0,TOP
SBR-02-300,2.0,12.0,PSR
SBR-02-300,12.0,15.0,KAK
SBR-02-300,15.0,16.5,KONG
SBR-02-325,0.0,3.0,TOP
SBR-02-325,3.0,13.0,PSR
SBR-02-325,13.0,17.0,KAK
SBR-02-325,17.0,18.1,KONG
SBR-02-350,0.0,3.0,TOP
SBR-02-350,3.0,14.0,PSR
SBR-02-350,14.0,18.0,KAK
SBR-02-350,18.0,19.2,KONG
SBR-02-375,0.0,4.0,TOP
SBR-02-375,4.0,14.0,PSR
SBR-02-375,14.0,18.0,KAK
SBR-02-375,18.0,19.7,KONG
SBR-02-400,0.0,4.0,TOP
SBR-02-400,4.0,11.8,PSR
SBR-02-425,0.0,4.0,TOP
SBR-02-425,4.0,14.0,LMP
SBR-02-425,14.0,18.0,KAK
SBR-02-425,18.0,19.4,KONG
SBR-02-450,0.0,4.0,TOP
SBR-02-450,4.0,13.0,LMP
SBR-02-450,13.0,17.0,KAK
SBR-02-450,17.0,18.1,KONG
SBR-02-475,0.0,3.0,TOP
SBR-02-475,3.0,12.0,LMP
SBR-02-475,12.0,15.0,KAK
SBR-02-475,15.0,16.6,KONG
SBR-02-500,0.0,3.0,TOP
SBR-02-500,3.0,10.0,LMP
SBR-02-500,10.0,13.0,KAK
SBR-02-500,13.0,14.4,KONG
SBR-02-525,0.0,2.0,TOP
SBR-02-525,2.0,9.0,PSR
SBR-02-525,9.0,11.0,KAK
SBR-02-525,11.0,12.4,KONG
SBR-02-550,0.0,2.0,TOP
SBR-02-550,2.0,8.0,PSR
SBR-02-550,8.0,10.0,KAK
SBR-02-550,10.0,10.5,KONG
SBR-02-575,0.0,2.0,TOP
SBR-02-575,2.0,7.0,PSR
SBR-02-575,7.0,8.0,KAK
SBR-02-575,8.0,9.4,KONG
SBR-02-600,0.0,2.0,TOP
SBR-02-600,2.0,4.4,PSR
SBR-02-625,0.0,3.0,TOP
SBR-02-625,3.0,5.0,PSR
SBR-02-625,5.0,6.0,KAK
SBR-02-625,6.0,7.4,KONG
SBR-02-650,0.0,3.0,TOP
SBR-02-650,3.0,4.0,PSR
SBR-02-650,4.0,5.0,KAK
SBR-02-650,5.0,6.1,KONG
SBR-03-050,0.0,1.0,TOP
SBR-03-050,1.0,5.0,LMP
SBR-03-050,5.0,6.4,KONG
SBR-03-075,0.0,1.0,TOP
SBR-03-075,1.0,5.0,LMP
SBR-03-075,5.0,6.0,KAK
SBR-03-075,6.0,7.5,KONG
SBR-03-100,0.0,1.0,TOP
SBR-03-100,1.0,6.0,LMP
SBR-03-100,6.0,7.0,KAK
SBR-03-100,7.0,7.9,KONG
SBR-03-125,0.0,1.0,TOP
SBR-03-125,1.0,4.9,LMP
SBR-03-150,0.0,1.0,TOP
SBR-03-150,1.0,8.0,LMP
SBR-03-150,8.0,9.0,KAK
SBR-03-150,9.0,10.1,KONG
SBR-03-175,0.0,1.0,TOP
SBR-03-175,1.0,9.0,PSR
SBR-03-175,9.0,10.0,KAK
SBR-03-175,10.0,11.7,KONG
SBR-03-200,0.0,1.0,TOP
SBR-03-200,1.0,10.0,PSR
SBR-03-200,10.0,11.0,KAK
SBR-03-200,11.0,12.7,KONG
SBR-03-225,0.0,2.0,TOP
SBR-03-225,2.0,11.0,PSR
SBR-03-225,11.0,13.0,KAK
SBR-03-225,13.0,14.3,KONG
SBR-03-250,0.0,2.0,TOP
SBR-03-250,2.0,12.0,PSR
SBR-03-250,12.0,14.0,KAK
SBR-03-250,14.0,15.9,KONG
SBR-03-275,0.0,2.0,TOP
SBR-03-275,2.0,13.0,PSR
SBR-03-275,13.0,16.0,KAK
SBR-03-275,16.0,16.9,KONG
SBR-03-300,0.0,3.0,TOP
SBR-03-300,3.0,14.0,PSR
SBR-03-300,14.0,17.0,KAK
SBR-03-300,17.0,17.9,KONG
SBR-03-325,0.0,3.0,TOP
SBR-03-325,3.0,14.0,LMP
SBR-03-325,14.0,17.0,KAK
SBR-03-325,17.0,18.7,KONG
SBR-03-350,0.0,3.0,TOP
SBR-03-350,3.0,14.0,LMP
SBR-03-350,14.0,17.0,KAK
SBR-03-350,17.0,18.7,KONG
SBR-03-375,0.0,4.0,TOP
SBR-03-375,4.0,13.0,LMP
SBR-03-375,13.0,17.0,KAK
SBR-03-375,17.0,18.4,KONG
SBR-03-400,0.0,4.0,TOP
SBR-03-400,4.0,13.0,LMP
SBR-03-400,13.0,17.0,KAK
SBR-03-400,17.0,18.0,KONG
SBR-03-425,0.0,4.0,TOP
SBR-03-425,4.0,12.0,LMP
SBR-03-425,12.0,16.0,KAK
SBR-03-425,16.0,16.6,KONG
SBR-03-450,0.0,4.0,TOP
SBR-03-450,4.0,10.0,LMP
SBR-03-450,10.0,14.0,KAK
SBR-03-450,14.0,15.5,KONG
SBR-03-475,0.0,4.0,TOP
SBR-03-475,4.0,9.0,PSR
SBR-03-475,9.0,13.0,KAK
SBR-03-475,13.0,13.9,KONG
SBR-03-500,0.0,3.0,TOP
SBR-03-500,3.0,9.0,LMP
SBR-03-500,9.0,12.0,KAK
SBR-03-500,12.0,13.2,KONG
SBR-03-525,0.0,3.0,TOP
SBR-03-525,3.0,8.0,LMP
SBR-03-525,8.0,10.0,KAK
SBR-03-525,10.0,11.3,KONG
SBR-03-550,0.0,2.0,TOP
SBR-03-550,2.0,7.0,LMP
SBR-03-550,7.0,8.0,KAK
SBR-03-550,8.0,9.6,KONG
SBR-03-575,0.0,2.0,TOP
SBR-03-575,2.0,6.0,LMP
SBR-03-575,6.0,7.0,KAK
SBR-03-575,7.0,8.6,KONG
SBR-03-600,0.0,2.0,TOP
SBR-03-600,2.0,5.0,LMP
SBR-03-600,5.0,6.0,KAK
SBR-03-600,6.0,7.4,KONG
SBR-03-625,0.0,2.0,TOP
SBR-03-625,2.0,4.0,LMP
SBR-03-625,4.0,5.0,KAK
SBR-03-625,5.0,6.9,KONG
SBR-03-650,0.0,2.0,TOP
SBR-03-650,2.0,4.0,LMP
SBR-03-650,4.0,5.0,KAK
SBR-03-650,5.0,6.4,KONG
SBR-04-050,0.0,2.0,TOP
SBR-04-050,2.0,5.0,LMP
SBR-04-050,5.0,7.1,KONG
SBR-04-075,0.0,2.0,TOP
SBR-04-075,2.0,5.0,LMP
SBR-04-075,5.0,6.0,KAK
SBR-04-075,6.0,7.0,KONG
SBR-04-100,0.0,2.0,TOP
SBR-04-100,2.0,6.0,LMP
SBR-04-100,6.0,8.2,KONG
SBR-04-125,0.0,2.0,TOP
SBR-04-125,2.0,7.0,PSR
SBR-04-125,7.0,8.3,KONG
SBR-04-150,0.0,2.0,TOP
SBR-04-150,2.0,7.0,PSR
SBR-04-150,7.0,8.0,KAK
SBR-04-150,8.0,9.0,KONG
SBR-04-175,0.0,2.0,TOP
SBR-04-175,2.0,7.0,PSR
SBR-04-175,7.0,9.0,KAK
SBR-04-175,9.0,9.7,KONG
SBR-04-200,0.0,3.0,TOP
SBR-04-200,3.0,8.0,PSR
SBR-04-200,8.0,9.0,KAK
SBR-04-200,9.0,10.9,KONG
SBR-04-225,0.0,3.0,TOP
SBR-04-225,3.0,9.0,PSR
SBR-04-225,9.0,11.0,KAK
SBR-04-225,11.0,12.3,KONG
SBR-04-250,0.0,3.0,TOP
SBR-04-250,3.0,10.0,PSR
SBR-04-250,10.0,12.0,KAK
SBR-04-250,12.0,13.4,KONG
SBR-04-275,0.0,3.0,TOP
SBR-04-275,3.0,12.0,PSR
SBR-04-275,12.0,13.0,KAK
SBR-04-275,13.0,14.3,KONG
SBR-04-300,0.0,3.0,TOP
SBR-04-300,3.0,12.0,PSR
SBR-04-300,12.0,14.0,KAK
SBR-04-300,14.0,15.8,KONG
SBR-04-325,0.0,3.0,TOP
SBR-04-325,3.0,13.0,PSR
SBR-04-325,13.0,15.0,KAK
SBR-04-325,15.0,16.8,KONG
SBR-04-350,0.0,3.0,TOP
SBR-04-350,3.0,14.0,PSR
SBR-04-350,14.0,16.0,KAK
SBR-04-350,16.0,17.6,KONG
SBR-04-375,0.0,3.0,TOP
SBR-04-375,3.0,14.0,LMP
SBR-04-375,14.0,17.0,KAK
SBR-04-375,17.0,18.6,KONG
SBR-04-400,0.0,3.0,TOP
SBR-04-400,3.0,15.0,LMP
SBR-04-400,15.0,18.0,KAK
SBR-04-400,18.0,19.3,KONG
SBR-04-425,0.0,3.0,TOP
SBR-04-425,3.0,15.0,LMP
SBR-04-425,15.0,18.0,KAK
SBR-04-425,18.0,19.4,KONG
SBR-04-450,0.0,2.0,TOP
SBR-04-450,2.0,15.0,PSR
SBR-04-450,15.0,18.0,KAK
SBR-04-450,18.0,19.5,KONG
SBR-04-475,0.0,2.0,TOP
SBR-04-475,2.0,14.0,PSR
SBR-04-475,14.0,17.0,KAK
SBR-04-475,17.0,18.4,KONG
SBR-04-500,0.0,2.0,TOP
SBR-04-500,2.0,13.0,PSR
SBR-04-500,13.0,15.0,KAK
SBR-04-500,15.0,16.6,KONG
SBR-04-525,0.0,2.0,TOP
SBR-04-525,2.0,11.0,LMP
SBR-04-525,11.0,14.0,KAK
SBR-04-525,14.0,15.2,KONG
SBR-04-550,0.0,2.0,TOP
SBR-04-550,2.0,10.0,LMP
SBR-04-550,10.0,12.0,KAK
SBR-04-550,12.0,13.4,KONG
SBR-04-575,0.0,2.0,TOP
SBR-04-575,2.0,9.0,LMP
SBR-04-575,9.0,11.0,KAK
SBR-04-575,11.0,12.6,KONG
SBR-04-600,0.0,2.0,TOP
SBR-04-600,2.0,8.0,LMP
SBR-04-600,8.0,9.0,KAK
SBR-04-600,9.0,10.5,KONG
SBR-04-625,0.0,3.0,TOP
SBR-04-625,3.0,7.0,LMP
SBR-04-625,7.0,8.0,KAK
SBR-04-625,8.0,9.3,KONG
SBR-04-650,0.0,3.0,TOP
SBR-04-650,3.0,6.0,LMP
SBR-04-650,6.0,7.0,KAK
SBR-04-650,7.0,8.1,KONG
SBR-05-050,0.0,3.0,TOP
SBR-05-050,3.0,6.0,PSR
SBR-05-050,6.0,7.0,KAK
SBR-05-050,7.0,8.5,KONG
SBR-05-075,0.0,3.0,TOP
SBR-05-075,3.0,6.0,PSR
SBR-05-075,6.0,7.0,KAK
SBR-05-075,7.0,8.0,KONG
SBR-05-100,0.0,3.0,TOP
SBR-05-100,3.0,7.0,PSR
SBR-05-100,7.0,9.0,KONG
SBR-05-125,0.0,3.0,TOP
SBR-05-125,3.0,7.0,PSR
SBR-05-125,7.0,8.0,KAK
SBR-05-125,8.0,9.0,KONG
SBR-05-150,0.0,2.0,TOP
SBR-05-150,2.0,7.0,PSR
SBR-05-150,7.0,8.0,KAK
SBR-05-150,8.0,9.3,KONG
SBR-05-175,0.0,2.0,TOP
SBR-05-175,2.0,8.0,LMP
SBR-05-175,8.0,9.7,KONG
SBR-05-200,0.0,2.0,TOP
SBR-05-200,2.0,8.0,LMP
SBR-05-200,8.0,9.0,KAK
SBR-05-200,9.0,10.2,KONG
SBR-05-225,0.0,2.0,TOP
SBR-05-225,2.0,9.0,LMP
SBR-05-225,9.0,10.0,KAK
SBR-05-225,10.0,11.2,KONG
SBR-05-250,0.0,2.0,TOP
SBR-05-250,2.0,10.0,LMP
SBR-05-250,10.0,11.0,KAK
SBR-05-250,11.0,12.0,KONG
SBR-05-275,0.0,3.0,TOP
SBR-05-275,3.0,6.6,LMP
SBR-05-300,0.0,3.0,TOP
SBR-05-300,3.0,10.0,LMP
SBR-05-300,10.0,11.0,KAK
SBR-05-300,11.0,12.7,KONG
SBR-05-325,0.0,3.0,TOP
SBR-05-325,3.0,11.0,LMP
SBR-05-325,11.0,12.0,KAK
SBR-05-325,12.0,13.4,KONG
SBR-05-350,0.0,2.0,TOP
SBR-05-350,2.0,11.0,LMP
SBR-05-350,11.0,13.0,KAK
SBR-05-350,13.0,14.1,KONG
SBR-05-375,0.0,2.0,TOP
SBR-05-375,2.0,12.0,LMP
SBR-05-375,12.0,14.0,KAK
SBR-05-375,14.0,15.7,KONG
SBR-05-400,0.0,2.0,TOP
SBR-05-400,2.0,13.0,LMP
SBR-05-400,13.0,15.0,KAK
SBR-05-400,15.0,16.6,KONG
SBR-05-425,0.0,2.0,TOP
SBR-05-425,2.0,14.0,LMP
SBR-05-425,14.0,17.0,KAK
SBR-05-425,17.0,18.0,KONG
SBR-05-450,0.0,2.0,TOP
SBR-05-450,2.0,15.0,LMP
SBR-05-450,15.0,17.0,KAK
SBR-05-450,17.0,18.7,KONG
SBR-05-475,0.0,2.0,TOP
SBR-05-475,2.0,15.0,LMP
SBR-05-475,15.0,18.0,KAK
SBR-05-475,18.0,19.1,KONG
SBR-05-500,0.0,2.0,TOP
SBR-05-500,2.0,15.0,LMP
SBR-05-500,15.0,18.0,KAK
SBR-05-500,18.0,19.4,KONG
SBR-05-525,0.0,2.0,TOP
SBR-05-525,2.0,15.0,LMP
SBR-05-525,15.0,17.0,KAK
SBR-05-525,17.0,19.0,KONG
SBR-05-550,0.0,2.0,TOP
SBR-05-550,2.0,14.0,LMP
SBR-05-550,14.0,17.0,KAK
SBR-05-550,17.0,18.7,KONG
SBR-05-575,0.0,2.0,TOP
SBR-05-575,2.0,14.0,LMP
SBR-05-575,14.0,16.0,KAK
SBR-05-575,16.0,18.1,KONG
SBR-05-600,0.0,2.0,TOP
SBR-05-600,2.0,13.0,LMP
SBR-05-600,13.0,15.0,KAK
SBR-05-600,15.0,16.7,KONG
SBR-05-625,0.0,2.0,TOP
SBR-05-625,2.0,12.0,LMP
SBR-05-625,12.0,13.0,KAK
SBR-05-625,13.0,14.5,KONG
SBR-05-650,0.0,2.0,TOP
SBR-05-650,2.0,10.0,LMP
SBR-05-650,10.0,11.0,KAK
SBR-05-650,11.0,12.4,KONG
SBR-06-050,0.0,2.0,TOP
SBR-06-050,2.0,7.0,PSR
SBR-06-050,7.0,8.9,KONG
SBR-06-075,0.0,2.0,TOP
SBR-06-075,2.0,7.0,PSR
SBR-06-075,7.0,8.0,KAK
SBR-06-075,8.0,9.1,KONG
SBR-06-100,0.0,2.0,TOP
SBR-06-100,2.0,8.0,PSR
SBR-06-100,8.0,9.4,KONG
SBR-06-125,0.0,3.0,TOP
SBR-06-125,3.0,8.0,PSR
SBR-06-125,8.0,9.0,KAK
SBR-06-125,9.0,10.3,KONG
SBR-06-150,0.0,3.0,TOP
SBR-06-150,3.0,8.0,PSR
SBR-06-150,8.0,9.0,KAK
SBR-06-150,9.0,9.8,KONG
SBR-06-175,0.0,3.0,TOP
SBR-06-175,3.0,9.0,LMP
SBR-06-175,9.0,10.6,KONG
SBR-06-200,0.0,3.0,TOP
SBR-06-200,3.0,9.0,LMP
SBR-06-200,9.0,10.0,KAK
SBR-06-200,10.0,11.0,KONG
SBR-06-225,0.0,3.0,TOP
SBR-06-225,3.0,9.0,LMP
SBR-06-225,9.0,10.0,KAK
SBR-06-225,10.0,11.9,KONG
SBR-06-250,0.0,3.0,TOP
SBR-06-250,3.0,10.0,LMP
SBR-06-250,10.0,11.0,KAK
SBR-06-250,11.0,11.9,KONG
SBR-06-275,0.0,3.0,TOP
SBR-06-275,3.0,11.0,LMP
SBR-06-275,11.0,12.0,KAK
SBR-06-275,12.0,12.7,KONG
SBR-06-300,0.0,3.0,TOP
SBR-06-300,3.0,11.0,LMP
SBR-06-300,11.0,12.0,KAK
SBR-06-300,12.0,13.3,KONG
SBR-06-325,0.0,3.0,TOP
SBR-06-325,3.0,12.0,LMP
SBR-06-325,12.0,13.0,KAK
SBR-06-325,13.0,14.2,KONG
SBR-06-350,0.0,3.0,TOP
SBR-06-350,3.0,14.0,LMP
SBR-06-350,14.0,15.0,KAK
SBR-06-350,15.0,16.0,KONG
SBR-06-375,0.0,2.0,TOP
SBR-06-375,2.0,16.0,LMP
SBR-06-375,16.0,18.0,KONG
SBR-06-400,0.0,2.0,TOP
SBR-06-400,2.0,17.0,LMP
SBR-06-400,17.0,18.0,KAK
SBR-06-400,18.0,19.4,KONG
SBR-06-425,0.0,2.0,TOP
SBR-06-425,2.0,17.0,LMP
SBR-06-425,17.0,18.0,KAK
SBR-06-425,18.0,19.7,KONG
SBR-06-450,0.0,2.0,TOP
SBR-06-450,2.0,16.0,LMP
SBR-06-450,16.0,18.0,KAK
SBR-06-450,18.0,20.0,KONG
SBR-06-475,0.0,2.0,TOP
SBR-06-475,2.0,10.8,PSR
SBR-06-500,0.0,2.0,TOP
SBR-06-500,2.0,15.0,PSR
SBR-06-500,15.0,17.0,KAK
SBR-06-500,17.0,18.7,KONG
SBR-06-525,0.0,2.0,TOP
SBR-06-525,2.0,15.0,PSR
SBR-06-525,15.0,17.0,KAK
SBR-06-525,17.0,18.3,KONG
SBR-06-550,0.0,2.0,TOP
SBR-06-550,2.0,14.0,PSR
SBR-06-550,14.0,16.0,KAK
SBR-06-550,16.0,17.3,KONG
SBR-06-575,0.0,2.0,TOP
SBR-06-575,2.0,13.0,PSR
SBR-06-575,13.0,15.0,KAK
SBR-06-575,15.0,15.8,KONG
SBR-06-600,0.0,2.0,TOP
SBR-06-600,2.0,12.0,PSR
SBR-06-600,12.0,14.0,KAK
SBR-06-600,14.0,15.0,KONG
SBR-06-625,0.0,2.0,TOP
SBR-06-625,2.0,11.0,PSR
SBR-06-625,11.0,13.0,KAK
SBR-06-625,13.0,14.1,KONG
SBR-06-650,0.0,2.0,TOP
SBR-06-650,2.0,10.0,PSR
SBR-06-650,10.0,12.0,KAK
SBR-06-650,12.0,12.8,KONG
SBR-07-050,0.0,1.0,TOP
SBR-07-050,1.0,7.0,PSR
SBR-07-050,7.0,8.7,KONG
SBR-07-075,0.0,2.0,TOP
SBR-07-075,2.0,6.0,PSR
SBR-07-075,6.0,7.0,KAK
SBR-07-075,7.0,8.2,KONG
SBR-07-100,0.0,3.0,TOP
SBR-07-100,3.0,7.0,PSR
SBR-07-100,7.0,9.0,KONG
SBR-07-125,0.0,3.0,TOP
SBR-07-125,3.0,7.0,PSR
SBR-07-125,7.0,8.0,KAK
SBR-07-125,8.0,9.1,KONG
SBR-07-150,0.0,3.0,TOP
SBR-07-150,3.0,7.0,PSR
SBR-07-150,7.0,8.0,KAK
SBR-07-150,8.0,9.2,KONG
SBR-07-175,0.0,3.0,TOP
SBR-07-175,3.0,6.0,LMP
SBR-07-175,6.0,7.0,KAK
SBR-07-175,7.0,8.5,KONG
SBR-07-200,0.0,3.0,TOP
SBR-07-200,3.0,6.0,LMP
SBR-07-200,6.0,7.0,KAK
SBR-07-200,7.0,8.1,KONG
SBR-07-225,0.0,3.0,TOP
SBR-07-225,3.0,6.0,LMP
SBR-07-225,6.0,7.0,KAK
SBR-07-225,7.0,8.6,KONG
SBR-07-250,0.0,3.0,TOP
SBR-07-250,3.0,7.0,LMP
SBR-07-250,7.0,8.0,KAK
SBR-07-250,8.0,9.5,KONG
SBR-07-275,0.0,3.0,TOP
SBR-07-275,3.0,8.0,LMP
SBR-07-275,8.0,10.0,KAK
SBR-07-275,10.0,11.5,KONG
SBR-07-300,0.0,2.0,TOP
SBR-07-300,2.0,11.0,PSR
SBR-07-300,11.0,12.0,KAK
SBR-07-300,12.0,13.8,KONG
SBR-07-325,0.0,2.0,TOP
SBR-07-325,2.0,13.0,PSR
SBR-07-325,13.0,15.0,KAK
SBR-07-325,15.0,16.3,KONG
SBR-07-350,0.0,2.0,TOP
SBR-07-350,2.0,13.0,PSR
SBR-07-350,13.0,16.0,KAK
SBR-07-350,16.0,16.7,KONG
SBR-07-375,0.0,2.0,TOP
SBR-07-375,2.0,14.0,PSR
SBR-07-375,14.0,16.0,KAK
SBR-07-375,16.0,17.0,KONG
SBR-07-400,0.0,2.0,TOP
SBR-07-400,2.0,14.0,PSR
SBR-07-400,14.0,16.0,KAK
SBR-07-400,16.0,17.9,KONG
SBR-07-425,0.0,3.0,TOP
SBR-07-425,3.0,14.0,PSR
SBR-07-425,14.0,17.0,KAK
SBR-07-425,17.0,18.4,KONG
SBR-07-450,0.0,3.0,TOP
SBR-07-450,3.0,15.0,PSR
SBR-07-450,15.0,17.0,KAK
SBR-07-450,17.0,18.2,KONG
SBR-07-475,0.0,2.0,TOP
SBR-07-475,2.0,14.0,PSR
SBR-07-475,14.0,16.0,KAK
SBR-07-475,16.0,17.8,KONG
SBR-07-500,0.0,3.0,TOP
SBR-07-500,3.0,13.0,PSR
SBR-07-500,13.0,15.0,KAK
SBR-07-500,15.0,17.0,KONG
SBR-07-525,0.0,3.0,TOP
SBR-07-525,3.0,12.0,PSR
SBR-07-525,12.0,14.0,KAK
SBR-07-525,14.0,15.0,KONG
SBR-07-550,0.0,3.0,TOP
SBR-07-550,3.0,6.7,PSR
SBR-07-575,0.0,3.0,TOP
SBR-07-575,3.0,8.0,PSR
SBR-07-600,0.0,2.0,TOP
SBR-07-600,2.0,7.0,PSR
SBR-07-600,7.0,8.0,KAK
SBR-07-600,8.0,9.5,KONG
SBR-07-625,0.0,2.0,TOP
SBR-07-625,2.0,6.0,PSR
SBR-07-625,6.0,7.0,KAK
SBR-07-625,7.0,8.2,KONG
SBR-07-650,0.0,2.0,TOP
SBR-07-650,2.0,6.0,PSR
SBR-07-650,6.0,7.7,KONG
SBR-08-050,0.0,3.0,TOP
SBR-08-050,3.0,5.0,PSR
SBR-08-050,5.0,6.8,KONG
SBR-08-075,0.0,4.0,TOP
SBR-08-075,4.0,5.0,PSR
SBR-08-075,5.0,6.2,KONG
SBR-08-100,0.0,4.0,TOP
SBR-08-100,4.0,5.0,PSR
SBR-08-100,5.0,6.6,KONG
SBR-08-125,0.0,4.0,TOP
SBR-08-125,4.0,5.0,PSR
SBR-08-125,5.0,6.0,KAK
SBR-08-125,6.0,7.4,KONG
SBR-08-150,0.0,3.0,TOP
SBR-08-150,3.0,5.0,PSR
SBR-08-150,5.0,6.0,KAK
SBR-08-150,6.0,7.4,KONG
SBR-08-175,0.0,3.0,TOP
SBR-08-175,3.0,5.0,PSR
SBR-08-175,5.0,6.0,KAK
SBR-08-175,6.0,7.9,KONG
SBR-08-200,0.0,3.0,TOP
SBR-08-200,3.0,6.0,PSR
SBR-08-200,6.0,7.0,KAK
SBR-08-200,7.0,8.3,KONG
SBR-08-225,0.0,3.0,TOP
SBR-08-225,3.0,7.0,PSR
SBR-08-225,7.0,8.0,KAK
SBR-08-225,8.0,10.0,KONG
SBR-08-250,0.0,3.0,TOP
SBR-08-250,3.0,8.0,LMP
SBR-08-250,8.0,10.0,KAK
SBR-08-250,10.0,11.3,KONG
SBR-08-275,0.0,3.0,TOP
SBR-08-275,3.0,10.0,PSR
SBR-08-275,10.0,12.0,KAK
SBR-08-275,12.0,12.8,KONG
SBR-08-300,0.0,3.0,TOP
SBR-08-300,3.0,11.0,PSR
SBR-08-300,11.0,13.0,KAK
SBR-08-300,13.0,14.8,KONG
SBR-08-325,0.0,3.0,TOP
SBR-08-325,3.0,12.0,PSR
SBR-08-325,12.0,14.0,KAK
SBR-08-325,14.0,15.4,KONG
SBR-08-350,0.0,3.0,TOP
SBR-08-350,3.0,12.0,PSR
SBR-08-350,12.0,14.0,KAK
SBR-08-350,14.0,15.8,KONG
SBR-08-375,0.0,3.0,TOP
SBR-08-375,3.0,12.0,PSR
SBR-08-375,12.0,14.0,KAK
SBR-08-375,14.0,15.2,KONG
SBR-08-400,0.0,3.0,TOP
SBR-08-400,3.0,8.9,PSR
SBR-08-425,0.0,3.0,TOP
SBR-08-425,3.0,11.0,PSR
SBR-08-425,11.0,12.0,KAK
SBR-08-425,12.0,14.0,KONG
SBR-08-450,0.0,3.0,TOP
SBR-08-450,3.0,10.0,PSR
SBR-08-450,10.0,11.0,KAK
SBR-08-450,11.0,12.3,KONG
SBR-08-475,0.0,3.0,TOP
SBR-08-475,3.0,9.0,PSR
SBR-08-475,9.0,10.0,KAK
SBR-08-475,10.0,11.4,KONG
SBR-08-500,0.0,3.0,TOP
SBR-08-500,3.0,8.0,PSR
SBR-08-500,8.0,9.0,KAK
SBR-08-500,9.0,10.4,KONG
SBR-08-525,0.0,4.0,TOP
SBR-08-525,4.0,7.0,PSR
SBR-08-525,7.0,8.0,KAK
SBR-08-525,8.0,8.8,KONG
SBR-08-550,0.0,4.0,TOP
SBR-08-550,4.0,5.0,PSR
SBR-08-550,5.0,6.0,KAK
SBR-08-550,6.0,7.5,KONG
SBR-08-575,0.0,3.0,TOP
SBR-08-575,3.0,4.0,PSR
SBR-08-575,4.0,5.6,KONG
SBR-08-600,0.0,3.0,TOP
SBR-08-600,3.0,4.0,KAK
SBR-08-600,4.0,5.1,KONG
SBR-08-625,0.0,3.0,TOP
SBR-08-625,3.0,4.0,KAK
SBR-08-625,4.0,5.0,KONG
SBR-08-650,0.0,3.0,TOP
SBR-08-650,3.0,4.0,LMP
SBR-08-650,4.0,5.0,KONG
SBR-09-050,0.0,4.0,TOP
SBR-09-050,4.0,5.0,PSR
SBR-09-050,5.0,6.7,KONG
SBR-09-075,0.0,4.0,TOP
SBR-09-075,4.0,5.0,PSR
SBR-09-075,5.0,6.8,KONG
SBR-09-100,0.0,4.0,TOP
SBR-09-100,4.0,5.0,PSR
SBR-09-100,5.0,6.8,KONG
SBR-09-125,0.0,4.0,TOP
SBR-09-125,4.0,5.0,PSR
SBR-09-125,5.0,6.4,KONG
SBR-09-150,0.0,3.0,TOP
SBR-09-150,3.0,5.0,PSR
SBR-09-150,5.0,6.0,KAK
SBR-09-150,6.0,7.9,KONG
SBR-09-175,0.0,3.0,TOP
SBR-09-175,3.0,6.0,PSR
SBR-09-175,6.0,8.0,KAK
SBR-09-175,8.0,8.8,KONG
SBR-09-200,0.0,3.0,TOP
SBR-09-200,3.0,8.0,PSR
SBR-09-200,8.0,10.0,KAK
SBR-09-200,10.0,11.2,KONG
SBR-09-225,0.0,3.0,TOP
SBR-09-225,3.0,10.0,PSR
SBR-09-225,10.0,11.0,KAK
SBR-09-225,11.0,12.4,KONG
SBR-09-250,0.0,3.0,TOP
SBR-09-250,3.0,11.0,PSR
SBR-09-250,11.0,13.0,KAK
SBR-09-250,13.0,14.3,KONG
SBR-09-275,0.0,4.0,TOP
SBR-09-275,4.0,13.0,PSR
SBR-09-275,13.0,15.0,KAK
SBR-09-275,15.0,16.1,KONG
SBR-09-300,0.0,4.0,TOP
SBR-09-300,4.0,14.0,PSR
SBR-09-300,14.0,16.0,KAK
SBR-09-300,16.0,17.2,KONG
SBR-09-325,0.0,4.0,TOP
SBR-09-325,4.0,15.0,PSR
SBR-09-325,15.0,16.0,KAK
SBR-09-325,16.0,17.8,KONG
SBR-09-350,0.0,3.0,TOP
SBR-09-350,3.0,14.0,PSR
SBR-09-350,14.0,16.0,KAK
SBR-09-350,16.0,16.8,KONG
SBR-09-375,0.0,3.0,TOP
SBR-09-375,3.0,10.7,PSR
SBR-09-400,0.0,2.0,TOP
SBR-09-400,2.0,12.0,PSR
SBR-09-400,12.0,13.0,KAK
SBR-09-400,13.0,14.3,KONG
SBR-09-425,0.0,2.0,TOP
SBR-09-425,2.0,10.0,PSR
SBR-09-425,10.0,11.0,KAK
SBR-09-425,11.0,13.0,KONG
SBR-09-450,0.0,2.0,TOP
SBR-09-450,2.0,8.0,PSR
SBR-09-450,8.0,10.0,KAK
SBR-09-450,10.0,11.1,KONG
SBR-09-475,0.0,2.0,TOP
SBR-09-475,2.0,6.0,PSR
SBR-09-475,6.0,8.0,KAK
SBR-09-475,8.0,9.2,KONG
SBR-09-500,0.0,2.0,TOP
SBR-09-500,2.0,5.0,PSR
SBR-09-500,5.0,6.0,KAK
SBR-09-500,6.0,7.9,KONG
SBR-09-525,0.0,3.0,TOP
SBR-09-525,3.0,4.0,PSR
SBR-09-525,4.0,5.0,KAK
SBR-09-525,5.0,6.5,KONG
SBR-09-550,0.0,3.0,TOP
SBR-09-550,3.0,4.0,PSR
SBR-09-550,4.0,5.9,KONG
SBR-09-575,0.0,3.0,TOP
SBR-09-575,3.0,4.0,KAK
SBR-09-575,4.0,5.0,KONG
SBR-09-600,0.0,2.0,TOP
SBR-09-600,2.0,3.0,PSR
SBR-09-600,3.0,4.4,KONG
SBR-09-625,0.0,2.0,TOP
SBR-09-625,2.0,3.0,PSR
SBR-09-625,3.0,4.9,KONG
SBR-09-650,0.0,2.0,TOP
SBR-09-650,2.0,3.0,PSR
SBR-09-650,3.0,4.7,KONG
SBR-10-050,0.0,3.0,TOP
SBR-10-050,3.0,4.0,LMP
SBR-10-050,4.0,5.0,KAK
SBR-10-050,5.0,5.8,KONG
SBR-10-075,0.0,3.0,TOP
SBR-10-075,3.0,4.0,PSR
SBR-10-075,4.0,5.0,KAK
SBR-10-075,5.0,6.3,KONG
SBR-10-100,0.0,2.0,TOP
SBR-10-100,2.0,5.0,PSR
SBR-10-100,5.0,6.0,KAK
SBR-10-100,6.0,7.6,KONG
SBR-10-125,0.0,2.0,TOP
SBR-10-125,2.0,6.0,PSR
SBR-10-125,6.0,8.0,KAK
SBR-10-125,8.0,9.3,KONG
SBR-10-150,0.0,2.0,TOP
SBR-10-150,2.0,8.0,PSR
SBR-10-150,8.0,10.0,KAK
SBR-10-150,10.0,11.3,KONG
SBR-10-175,0.0,3.0,TOP
SBR-10-175,3.0,10.0,PSR
SBR-10-175,10.0,11.0,KAK
SBR-10-175,11.0,13.1,KONG
SBR-10-200,0.0,3.0,TOP
SBR-10-200,3.0,12.0,PSR
SBR-10-200,12.0,14.0,KAK
SBR-10-200,14.0,15.5,KONG
SBR-10-225,0.0,3.0,TOP
SBR-10-225,3.0,14.0,LMP
SBR-10-225,14.0,16.0,KAK
SBR-10-225,16.0,17.1,KONG
SBR-10-250,0.0,3.0,TOP
SBR-10-250,3.0,16.0,LMP
SBR-10-250,16.0,17.0,KAK
SBR-10-250,17.0,18.7,KONG
SBR-10-275,0.0,2.0,TOP
SBR-10-275,2.0,17.0,LMP
SBR-10-275,17.0,18.0,KAK
SBR-10-275,18.0,19.6,KONG
SBR-10-300,0.0,2.0,TOP
SBR-10-300,2.0,17.0,LMP
SBR-10-300,17.0,18.0,KAK
SBR-10-300,18.0,19.4,KONG
SBR-10-325,0.0,2.0,TOP
SBR-10-325,2.0,16.0,LMP
SBR-10-325,16.0,18.0,KAK
SBR-10-325,18.0,19.0,KONG
SBR-10-350,0.0,2.0,TOP
SBR-10-350,2.0,15.0,LMP
SBR-10-350,15.0,17.0,KAK
SBR-10-350,17.0,18.2,KONG
SBR-10-375,0.0,2.0,TOP
SBR-10-375,2.0,14.0,LMP
SBR-10-375,14.0,16.0,KAK
SBR-10-375,16.0,17.8,KONG
SBR-10-400,0.0,2.0,TOP
SBR-10-400,2.0,13.0,LMP
SBR-10-400,13.0,15.0,KAK
SBR-10-400,15.0,16.1,KONG
SBR-10-425,0.0,2.0,TOP
SBR-10-425,2.0,12.0,LMP
SBR-10-425,12.0,13.0,KAK
SBR-10-425,13.0,14.4,KONG
SBR-10-450,0.0,2.0,TOP
SBR-10-450,2.0,10.0,PSR
SBR-10-450,10.0,11.0,KAK
SBR-10-450,11.0,12.7,KONG
SBR-10-475,0.0,2.0,TOP
SBR-10-475,2.0,9.0,PSR
SBR-10-475,9.0,10.0,KAK
SBR-10-475,10.0,10.7,KONG
SBR-10-500,0.0,2.0,TOP
SBR-10-500,2.0,7.0,PSR
SBR-10-500,7.0,8.0,KAK
SBR-10-500,8.0,9.7,KONG
SBR-10-525,0.0,3.0,TOP
SBR-10-525,3.0,6.0,PSR
SBR-10-525,6.0,7.0,KAK
SBR-10-525,7.0,8.8,KONG
SBR-10-550,0.0,3.0,TOP
SBR-10-550,3.0,6.0,PSR
SBR-10-550,6.0,8.1,KONG
SBR-10-575,0.0,3.0,TOP
SBR-10-575,3.0,5.0,PSR
SBR-10-575,5.0,6.6,KONG
SBR-10-600,0.0,3.0,TOP
SBR-10-600,3.0,4.0,PSR
SBR-10-600,4.0,5.0,KAK
SBR-10-600,5.0,6.4,KONG
SBR-10-625,0.0,3.0,TOP
SBR-10-625,3.0,4.0,KAK
SBR-10-625,4.0,5.3,KONG
SBR-10-650,0.0,2.0,TOP
SBR-10-650,2.0,3.0,PSR
SBR-10-650,3.0,4.0,KAK
SBR-10-650,4.0,4.9,KONG
SBR-11-050,0.0,2.0,TOP
SBR-11-050,2.0,3.0,LMP
SBR-11-050,3.0,4.0,KAK
SBR-11-050,4.0,4.6,KONG
SBR-11-075,0.0,1.0,TOP
SBR-11-075,1.0,4.0,LMP
SBR-11-075,4.0,5.0,KAK
SBR-11-075,5.0,6.3,KONG
SBR-11-100,0.0,1.0,TOP
SBR-11-100,1.0,6.0,LMP
SBR-11-100,6.0,7.0,KAK
SBR-11-100,7.0,7.8,KONG
SBR-11-125,0.0,1.0,TOP
SBR-11-125,1.0,7.0,LMP
SBR-11-125,7.0,8.0,KAK
SBR-11-125,8.0,9.6,KONG
SBR-11-150,0.0,1.0,TOP
SBR-11-150,1.0,9.0,LMP
SBR-11-150,9.0,10.0,KAK
SBR-11-150,10.0,12.0,KONG
SBR-11-175,0.0,1.0,TOP
SBR-11-175,1.0,11.0,PSR
SBR-11-175,11.0,12.0,KAK
SBR-11-175,12.0,14.1,KONG
SBR-11-200,0.0,2.0,TOP
SBR-11-200,2.0,13.0,PSR
SBR-11-200,13.0,15.0,KAK
SBR-11-200,15.0,16.2,KONG
SBR-11-225,0.0,2.0,TOP
SBR-11-225,2.0,15.0,LMP
SBR-11-225,15.0,17.0,KAK
SBR-11-225,17.0,18.3,KONG
SBR-11-250,0.0,1.0,TOP
SBR-11-250,1.0,17.0,LMP
SBR-11-250,17.0,19.0,KAK
SBR-11-250,19.0,20.8,KONG
SBR-11-275,0.0,1.0,TOP
SBR-11-275,1.0,18.0,LMP
SBR-11-275,18.0,20.0,KAK
SBR-11-275,20.0,21.8,KONG
SBR-11-300,0.0,1.0,TOP
SBR-11-300,1.0,18.0,LMP
SBR-11-300,18.0,20.0,KAK
SBR-11-300,20.0,21.2,KONG
SBR-11-325,0.0,1.0,TOP
SBR-11-325,1.0,17.0,LMP
SBR-11-325,17.0,19.0,KAK
SBR-11-325,19.0,20.5,KONG
SBR-11-350,0.0,1.0,TOP
SBR-11-350,1.0,17.0,LMP
SBR-11-350,17.0,18.0,KAK
SBR-11-350,18.0,19.3,KONG
SBR-11-375,0.0,1.0,TOP
SBR-11-375,1.0,16.0,LMP
SBR-11-375,16.0,17.0,KAK
SBR-11-375,17.0,18.3,KONG
SBR-11-400,0.0,1.0,TOP
SBR-11-400,1.0,14.0,LMP
SBR-11-400,14.0,15.0,KAK
SBR-11-400,15.0,16.3,KONG
SBR-11-425,0.0,1.0,TOP
SBR-11-425,1.0,13.0,LMP
SBR-11-425,13.0,14.0,KAK
SBR-11-425,14.0,15.4,KONG
SBR-11-450,0.0,1.0,TOP
SBR-11-450,1.0,11.0,LMP
SBR-11-450,11.0,13.0,KAK
SBR-11-450,13.0,14.3,KONG
SBR-11-475,0.0,2.0,TOP
SBR-11-475,2.0,6.9,LMP
SBR-11-500,0.0,2.0,TOP
SBR-11-500,2.0,9.0,LMP
SBR-11-500,9.0,10.0,KAK
SBR-11-500,10.0,10.9,KONG
SBR-11-525,0.0,3.0,TOP
SBR-11-525,3.0,8.0,PSR
SBR-11-525,8.0,9.0,KAK
SBR-11-525,9.0,10.4,KONG
SBR-11-550,0.0,3.0,TOP
SBR-11-550,3.0,7.0,PSR
SBR-11-550,7.0,8.0,KAK
SBR-11-550,8.0,9.5,KONG
SBR-11-575,0.0,4.0,TOP
SBR-11-575,4.0,5.3,PSR
SBR-11-600,0.0,4.0,TOP
SBR-11-600,4.0,6.0,PSR
SBR-11-600,6.0,7.0,KAK
SBR-11-600,7.0,8.6,KONG
SBR-11-625,0.0,4.0,TOP
SBR-11-625,4.0,5.0,PSR
SBR-11-625,5.0,6.0,KAK
SBR-11-625,6.0,7.3,KONG
SBR-11-650,0.0,4.0,TOP
SBR-11-650,4.0,5.0,KAK
SBR-11-650,5.0,6.0,KONG
SBR-12-050,0.0,2.0,TOP
SBR-12-050,2.0,3.0,PSR
SBR-12-050,3.0,4.0,KAK
SBR-12-050,4.0,4.7,KONG
SBR-12-075,0.0,2.0,TOP
SBR-12-075,2.0,5.0,PSR
SBR-12-075,5.0,6.6,KONG
SBR-12-100,0.0,2.0,TOP
SBR-12-100,2.0,6.0,PSR
SBR-12-100,6.0,7.0,KAK
SBR-12-100,7.0,8.0,KONG
SBR-12-125,0.0,2.0,TOP
SBR-12-125,2.0,8.0,LMP
SBR-12-125,8.0,9.9,KONG
SBR-12-150,0.0,2.0,TOP
SBR-12-150,2.0,9.0,PSR
SBR-12-150,9.0,10.0,KAK
SBR-12-150,10.0,12.0,KONG
SBR-12-175,0.0,2.0,TOP
SBR-12-175,2.0,11.0,PSR
SBR-12-175,11.0,12.0,KAK
SBR-12-175,12.0,13.4,KONG
SBR-12-200,0.0,2.0,TOP
SBR-12-200,2.0,12.0,LMP
SBR-12-200,12.0,14.0,KAK
SBR-12-200,14.0,14.8,KONG
SBR-12-225,0.0,2.0,TOP
SBR-12-225,2.0,13.0,LMP
SBR-12-225,13.0,14.0,KAK
SBR-12-225,14.0,15.3,KONG
SBR-12-250,0.0,2.0,TOP
SBR-12-250,2.0,9.8,LMP
SBR-12-275,0.0,2.0,TOP
SBR-12-275,2.0,15.0,LMP
SBR-12-275,15.0,17.0,KAK
SBR-12-275,17.0,18.0,KONG
SBR-12-300,0.0,1.0,TOP
SBR-12-300,1.0,17.0,LMP
SBR-12-300,17.0,18.0,KAK
SBR-12-300,18.0,19.5,KONG
SBR-12-325,0.0,1.0,TOP
SBR-12-325,1.0,18.0,LMP
SBR-12-325,18.0,19.0,KAK
SBR-12-325,19.0,20.9,KONG
SBR-12-350,0.0,1.0,TOP
SBR-12-350,1.0,18.0,PSR
SBR-12-350,18.0,19.0,KAK
SBR-12-350,19.0,20.5,KONG
SBR-12-375,0.0,1.0,TOP
SBR-12-375,1.0,18.0,PSR
SBR-12-375,18.0,19.7,KONG
SBR-12-400,0.0,1.0,TOP
SBR-12-400,1.0,16.0,LMP
SBR-12-400,16.0,17.0,KAK
SBR-12-400,17.0,18.0,KONG
SBR-12-425,0.0,1.0,TOP
SBR-12-425,1.0,14.0,LMP
SBR-12-425,14.0,15.0,KAK
SBR-12-425,15.0,16.0,KONG
SBR-12-450,0.0,1.0,TOP
SBR-12-450,1.0,11.0,PSR
SBR-12-450,11.0,13.0,KAK
SBR-12-450,13.0,14.5,KONG
SBR-12-475,0.0,1.0,TOP
SBR-12-475,1.0,9.0,PSR
SBR-12-475,9.0,10.0,KAK
SBR-12-475,10.0,11.9,KONG
SBR-12-500,0.0,2.0,TOP
SBR-12-500,2.0,8.0,PSR
SBR-12-500,8.0,9.0,KAK
SBR-12-500,9.0,10.2,KONG
SBR-12-525,0.0,3.0,TOP
SBR-12-525,3.0,5.8,PSR
SBR-12-550,0.0,3.0,TOP
SBR-12-550,3.0,6.0,PSR
SBR-12-550,6.0,7.0,KAK
SBR-12-550,7.0,7.9,KONG
SBR-12-575,0.0,3.0,TOP
SBR-12-575,3.0,6.0,LMP
SBR-12-575,6.0,7.0,KAK
SBR-12-575,7.0,8.4,KONG
SBR-12-600,0.0,2.0,TOP
SBR-12-600,2.0,6.0,LMP
SBR-12-600,6.0,7.0,KAK
SBR-12-600,7.0,8.2,KONG
SBR-12-625,0.0,2.0,TOP
SBR-12-625,2.0,6.0,LMP
SBR-12-625,6.0,7.5,KONG
SBR-12-650,0.0,2.0,TOP
SBR-12-650,2.0,5.0,LMP
SBR-12-650,5.0,6.0,KAK
SBR-12-650,6.0,7.3,KONG
SBR-13-050,0.0,1.0,TOP
SBR-13-050,1.0,3.0,PSR
SBR-13-050,3.0,4.8,KONG
SBR-13-075,0.0,1.0,TOP
SBR-13-075,1.0,4.0,PSR
SBR-13-075,4.0,5.7,KONG
SBR-13-100,0.0,1.0,TOP
SBR-13-100,1.0,5.0,PSR
SBR-13-100,5.0,6.0,KAK
SBR-13-100,6.0,6.8,KONG
SBR-13-125,0.0,1.0,TOP
SBR-13-125,1.0,7.0,PSR
SBR-13-125,7.0,8.7,KONG
SBR-13-150,0.0,1.0,TOP
SBR-13-150,1.0,9.0,PSR
SBR-13-150,9.0,10.5,KONG
SBR-13-175,0.0,1.0,TOP
SBR-13-175,1.0,10.0,LMP
SBR-13-175,10.0,11.0,KAK
SBR-13-175,11.0,12.1,KONG
SBR-13-200,0.0,1.0,TOP
SBR-13-200,1.0,12.0,LMP
SBR-13-200,12.0,13.0,KAK
SBR-13-200,13.0,14.0,KONG
SBR-13-225,0.0,1.0,TOP
SBR-13-225,1.0,14.0,LMP
SBR-13-225,14.0,15.0,KAK
SBR-13-225,15.0,16.2,KONG
SBR-13-250,0.0,1.0,TOP
SBR-13-250,1.0,15.0,LMP
SBR-13-250,15.0,17.0,KAK
SBR-13-250,17.0,18.9,KONG
SBR-13-275,0.0,1.0,TOP
SBR-13-275,1.0,16.0,LMP
SBR-13-275,16.0,18.0,KAK
SBR-13-275,18.0,19.9,KONG
SBR-13-300,0.0,2.0,TOP
SBR-13-300,2.0,16.0,PSR
SBR-13-300,16.0,19.0,KAK
SBR-13-300,19.0,20.5,KONG
SBR-13-325,0.0,1.0,TOP
SBR-13-325,1.0,16.0,LMP
SBR-13-325,16.0,18.0,KAK
SBR-13-325,18.0,19.5,KONG
SBR-13-350,0.0,1.0,TOP
SBR-13-350,1.0,15.0,LMP
SBR-13-350,15.0,17.0,KAK
SBR-13-350,17.0,18.6,KONG
SBR-13-375,0.0,1.0,TOP
SBR-13-375,1.0,13.0,LMP
SBR-13-375,13.0,15.0,KAK
SBR-13-375,15.0,17.0,KONG
SBR-13-400,0.0,1.0,TOP
SBR-13-400,1.0,11.0,PSR
SBR-13-400,11.0,13.0,KAK
SBR-13-400,13.0,14.6,KONG
SBR-13-425,0.0,1.0,TOP
SBR-13-425,1.0,10.0,PSR
SBR-13-425,10.0,11.0,KAK
SBR-13-425,11.0,13.1,KONG
SBR-13-450,0.0,2.0,TOP
SBR-13-450,2.0,7.0,PSR
SBR-13-450,7.0,9.0,KAK
SBR-13-450,9.0,10.5,KONG
SBR-13-475,0.0,2.0,TOP
SBR-13-475,2.0,4.8,PSR
SBR-13-500,0.0,2.0,TOP
SBR-13-500,2.0,4.0,PSR
SBR-13-500,4.0,5.0,KAK
SBR-13-500,5.0,7.0,KONG
SBR-13-525,0.0,2.0,TOP
SBR-13-525,2.0,3.0,PSR
SBR-13-525,3.0,4.0,KAK
SBR-13-525,4.0,5.9,KONG
SBR-13-550,0.0,2.0,TOP
SBR-13-550,2.0,3.0,LMP
SBR-13-550,3.0,4.7,KONG
SBR-13-575,0.0,2.0,TOP
SBR-13-575,2.0,3.0,KAK
SBR-13-575,3.0,4.6,KONG
SBR-13-600,0.0,2.0,TOP
SBR-13-600,2.0,3.0,LMP
SBR-13-600,3.0,5.0,KONG
SBR-13-625,0.0,2.0,TOP
SBR-13-625,2.0,4.0,LMP
SBR-13-625,4.0,5.3,KONG
SBR-13-650,0.0,2.0,TOP
SBR-13-650,2.0,4.0,LMP
SBR-13-650,4.0,5.0,KAK
SBR-13-650,5.0,6.7,KONG
SBR-14-050,0.0,1.0,TOP
SBR-14-050,1.0,4.0,PSR
SBR-14-050,4.0,5.8,KONG
SBR-14-075,0.0,2.0,TOP
SBR-14-075,2.0,5.0,PSR
SBR-14-075,5.0,6.5,KONG
SBR-14-100,0.0,2.0,TOP
SBR-14-100,2.0,6.0,PSR
SBR-14-100,6.0,7.0,KAK
SBR-14-100,7.0,7.7,KONG
SBR-14-125,0.0,2.0,TOP
SBR-14-125,2.0,8.0,PSR
SBR-14-125,8.0,9.9,KONG
SBR-14-150,0.0,2.0,TOP
SBR-14-150,2.0,11.0,PSR
SBR-14-150,11.0,12.2,KONG
SBR-14-175,0.0,2.0,TOP
SBR-14-175,2.0,14.0,PSR
SBR-14-175,14.0,15.0,KONG
SBR-14-200,0.0,1.0,TOP
SBR-14-200,1.0,16.0,LMP
SBR-14-200,16.0,18.0,KONG
SBR-14-225,0.0,1.0,TOP
SBR-14-225,1.0,17.0,LMP
SBR-14-225,17.0,18.0,KAK
SBR-14-225,18.0,19.6,KONG
SBR-14-250,0.0,2.0,TOP
SBR-14-250,2.0,18.0,LMP
SBR-14-250,18.0,19.0,KAK
SBR-14-250,19.0,20.4,KONG
SBR-14-275,0.0,2.0,TOP
SBR-14-275,2.0,17.0,LMP
SBR-14-275,17.0,19.0,KAK
SBR-14-275,19.0,20.1,KONG
SBR-14-300,0.0,2.0,TOP
SBR-14-300,2.0,16.0,PSR
SBR-14-300,16.0,18.0,KAK
SBR-14-300,18.0,19.4,KONG
SBR-14-325,0.0,2.0,TOP
SBR-14-325,2.0,14.0,PSR
SBR-14-325,14.0,16.0,KAK
SBR-14-325,16.0,17.8,KONG
SBR-14-350,0.0,2.0,TOP
SBR-14-350,2.0,12.0,PSR
SBR-14-350,12.0,14.0,KAK
SBR-14-350,14.0,15.8,KONG
SBR-14-375,0.0,2.0,TOP
SBR-14-375,2.0,10.0,PSR
SBR-14-375,10.0,12.0,KAK
SBR-14-375,12.0,13.4,KONG
SBR-14-400,0.0,2.0,TOP
SBR-14-400,2.0,8.0,PSR
SBR-14-400,8.0,9.0,KAK
SBR-14-400,9.0,10.9,KONG
SBR-14-425,0.0,2.0,TOP
SBR-14-425,2.0,6.0,PSR
SBR-14-425,6.0,7.0,KAK
SBR-14-425,7.0,8.6,KONG
SBR-14-450,0.0,2.0,TOP
SBR-14-450,2.0,4.0,LMP
SBR-14-450,4.0,5.0,KAK
SBR-14-450,5.0,7.2,KONG
SBR-14-475,0.0,2.0,TOP
SBR-14-475,2.0,3.0,KAK
SBR-14-475,3.0,5.0,KONG
SBR-14-500,0.0,1.0,TOP
SBR-14-500,1.0,2.0,KAK
SBR-14-500,2.0,3.9,KONG
SBR-14-525,0.0,1.0,TOP
SBR-14-525,1.0,2.0,KAK
SBR-14-525,2.0,3.7,KONG
SBR-14-550,0.0,1.0,TOP
SBR-14-550,1.0,2.0,LMP
SBR-14-550,2.0,3.8,KONG
SBR-14-575,0.0,1.0,TOP
SBR-14-575,1.0,2.0,LMP
SBR-14-575,2.0,3.8,KONG
SBR-14-600,0.0,1.0,TOP
SBR-14-600,1.0,2.0,LMP
SBR-14-600,2.0,4.0,KONG
SBR-14-625,0.0,2.0,TOP
SBR-14-625,2.0,3.0,KAK
SBR-14-625,3.0,4.3,KONG
SBR-14-650,0.0,2.0,TOP
SBR-14-650,2.0,3.0,LMP
SBR-14-650,3.0,5.2,KONG
SBR-15-050,0.0,2.0,TOP
SBR-15-050,2.0,7.0,PSR
SBR-15-050,7.0,8.5,KONG
SBR-15-075,0.0,2.0,TOP
SBR-15-075,2.0,8.0,PSR
SBR-15-075,8.0,9.0,KAK
SBR-15-075,9.0,10.0,KONG
SBR-15-100,0.0,1.0,TOP
SBR-15-100,1.0,9.0,PSR
SBR-15-100,9.0,10.0,KAK
SBR-15-100,10.0,11.4,KONG
SBR-15-125,0.0,1.0,TOP
SBR-15-125,1.0,10.0,PSR
SBR-15-125,10.0,11.0,KAK
SBR-15-125,11.0,12.5,KONG
SBR-15-150,0.0,1.0,TOP
SBR-15-150,1.0,12.0,PSR
SBR-15-150,12.0,13.0,KAK
SBR-15-150,13.0,14.6,KONG
SBR-15-175,0.0,1.0,TOP
SBR-15-175,1.0,14.0,LMP
SBR-15-175,14.0,16.0,KAK
SBR-15-175,16.0,17.6,KONG
SBR-15-200,0.0,1.0,TOP
SBR-15-200,1.0,16.0,LMP
SBR-15-200,16.0,18.0,KAK
SBR-15-200,18.0,19.0,KONG
SBR-15-225,0.0,1.0,TOP
SBR-15-225,1.0,18.0,LMP
SBR-15-225,18.0,20.0,KAK
SBR-15-225,20.0,20.7,KONG
SBR-15-250,0.0,1.0,TOP
SBR-15-250,1.0,18.0,LMP
SBR-15-250,18.0,20.0,KAK
SBR-15-250,20.0,21.8,KONG
SBR-15-275,0.0,1.0,TOP
SBR-15-275,1.0,18.0,LMP
SBR-15-275,18.0,20.0,KAK
SBR-15-275,20.0,21.2,KONG
SBR-15-300,0.0,2.0,TOP
SBR-15-300,2.0,16.0,PSR
SBR-15-300,16.0,18.0,KAK
SBR-15-300,18.0,18.9,KONG
SBR-15-325,0.0,2.0,TOP
SBR-15-325,2.0,14.0,PSR
SBR-15-325,14.0,15.0,KAK
SBR-15-325,15.0,17.1,KONG
SBR-15-350,0.0,2.0,TOP
SBR-15-350,2.0,12.0,PSR
SBR-15-350,12.0,13.0,KAK
SBR-15-350,13.0,14.5,KONG
SBR-15-375,0.0,2.0,TOP
SBR-15-375,2.0,9.0,PSR
SBR-15-375,9.0,11.0,KAK
SBR-15-375,11.0,11.7,KONG
SBR-15-400,0.0,3.0,TOP
SBR-15-400,3.0,7.0,PSR
SBR-15-400,7.0,8.0,KAK
SBR-15-400,8.0,10.2,KONG
SBR-15-425,0.0,3.0,TOP
SBR-15-425,3.0,6.0,PSR
SBR-15-425,6.0,7.4,KONG
SBR-15-450,0.0,3.0,TOP
SBR-15-450,3.0,4.0,LMP
SBR-15-450,4.0,5.7,KONG
SBR-15-475,0.0,1.0,TOP
SBR-15-475,1.0,2.0,LMP
SBR-15-475,2.0,3.7,KONG
SBR-15-500,0.0,1.0,TOP
SBR-15-500,1.0,2.0,LMP
SBR-15-500,2.0,3.4,KONG
SBR-15-525,0.0,1.0,TOP
SBR-15-525,1.0,2.0,LMP
SBR-15-525,2.0,3.5,KONG
SBR-15-550,0.0,1.0,TOP
SBR-15-550,1.0,2.0,LMP
SBR-15-550,2.0,3.5,KONG
SBR-15-575,0.0,1.0,TOP
SBR-15-575,1.0,2.0,LMP
SBR-15-575,2.0,3.5,KONG
SBR-15-600,0.0,1.0,TOP
SBR-15-600,1.0,2.0,LMP
SBR-15-600,2.0,4.1,KONG
SBR-15-625,0.0,2.5,TOP
SBR-15-650,0.0,3.0,TOP
SBR-15-650,3.0,4.0,LMP
SBR-15-650,4.0,5.8,KONG
SBR-16-050,0.0,2.0,TOP
SBR-16-050,2.0,8.0,LMP
SBR-16-050,8.0,9.0,KAK
SBR-16-050,9.0,9.8,KONG
SBR-16-075,0.0,2.0,TOP
SBR-16-075,2.0,10.0,LMP
SBR-16-075,10.0,11.0,KAK
SBR-16-075,11.0,12.5,KONG
SBR-16-100,0.0,2.0,TOP
SBR-16-100,2.0,13.0,LMP
SBR-16-100,13.0,14.0,KAK
SBR-16-100,14.0,14.9,KONG
SBR-16-125,0.0,2.0,TOP
SBR-16-125,2.0,14.0,LMP
SBR-16-125,14.0,16.0,KAK
SBR-16-125,16.0,17.3,KONG
SBR-16-150,0.0,2.0,TOP
SBR-16-150,2.0,16.0,LMP
SBR-16-150,16.0,18.0,KAK
SBR-16-150,18.0,18.8,KONG
SBR-16-175,0.0,2.0,TOP
SBR-16-175,2.0,17.0,LMP
SBR-16-175,17.0,19.0,KAK
SBR-16-175,19.0,20.5,KONG
SBR-16-200,0.0,3.0,TOP
SBR-16-200,3.0,18.0,PSR
SBR-16-200,18.0,20.0,KAK
SBR-16-200,20.0,21.4,KONG
SBR-16-225,0.0,3.0,TOP
SBR-16-225,3.0,18.0,PSR
SBR-16-225,18.0,21.0,KAK
SBR-16-225,21.0,22.0,KONG
SBR-16-250,0.0,2.0,TOP
SBR-16-250,2.0,18.0,PSR
SBR-16-250,18.0,21.0,KAK
SBR-16-250,21.0,22.5,KONG
SBR-16-275,0.0,2.0,TOP
SBR-16-275,2.0,11.0,PSR
SBR-16-300,0.0,2.0,TOP
SBR-16-300,2.0,15.0,LMP
SBR-16-300,15.0,17.0,KAK
SBR-16-300,17.0,18.6,KONG
SBR-16-325,0.0,2.0,TOP
SBR-16-325,2.0,13.0,LMP
SBR-16-325,13.0,14.0,KAK
SBR-16-325,14.0,15.4,KONG
SBR-16-350,0.0,2.0,TOP
SBR-16-350,2.0,10.0,LMP
SBR-16-350,10.0,11.0,KAK
SBR-16-350,11.0,12.2,KONG
SBR-16-375,0.0,2.0,TOP
SBR-16-375,2.0,8.0,LMP
SBR-16-375,8.0,10.0,KONG
SBR-16-400,0.0,3.0,TOP
SBR-16-400,3.0,6.0,LMP
SBR-16-400,6.0,7.4,KONG
SBR-16-425,0.0,3.0,TOP
SBR-16-425,3.0,5.0,LMP
SBR-16-425,5.0,6.1,KONG
SBR-16-450,0.0,2.0,TOP
SBR-16-450,2.0,4.0,LMP
SBR-16-450,4.0,5.4,KONG
SBR-16-475,0.0,2.0,TOP
SBR-16-475,2.0,3.0,LMP
SBR-16-475,3.0,4.5,KONG
SBR-16-500,0.0,2.0,TOP
SBR-16-500,2.0,3.0,LMP
SBR-16-500,3.0,4.5,KONG
SBR-16-525,0.0,2.0,TOP
SBR-16-525,2.0,3.0,LMP
SBR-16-525,3.0,4.6,KONG
SBR-16-550,0.0,2.0,TOP
SBR-16-550,2.0,3.0,PSR
SBR-16-550,3.0,4.2,KONG
SBR-16-575,0.0,2.0,TOP
SBR-16-575,2.0,3.0,PSR
SBR-16-575,3.0,4.6,KONG
SBR-16-600,0.0,2.0,TOP
SBR-16-600,2.0,4.0,PSR
SBR-16-600,4.0,5.6,KONG
SBR-16-625,0.0,2.0,TOP
SBR-16-625,2.0,5.0,PSR
SBR-16-625,5.0,6.6,KONG
SBR-16-650,0.0,2.0,TOP
SBR-16-650,2.0,6.0,PSR
SBR-16-650,6.0,7.0,KONG
SBR-17-050,0.0,2.0,TOP
SBR-17-050,2.0,9.0,PSR
SBR-17-050,9.0,11.0,KAK
SBR-17-050,11.0,11.6,KONG
SBR-17-075,0.0,2.0,TOP
SBR-17-075,2.0,11.0,PSR
SBR-17-075,11.0,13.0,KAK
SBR-17-075,13.0,15.0,KONG
SBR-17-100,0.0,3.0,TOP
SBR-17-100,3.0,13.0,PSR
SBR-17-100,13.0,16.0,KAK
SBR-17-100,16.0,16.7,KONG
SBR-17-125,0.0,3.0,TOP
SBR-17-125,3.0,15.0,PSR
SBR-17-125,15.0,18.0,KAK
SBR-17-125,18.0,19.5,KONG
SBR-17-150,0.0,3.0,TOP
SBR-17-150,3.0,16.0,PSR
SBR-17-150,16.0,19.0,KAK
SBR-17-150,19.0,20.0,KONG
SBR-17-175,0.0,4.0,TOP
SBR-17-175,4.0,17.0,PSR
SBR-17-175,17.0,19.0,KAK
SBR-17-175,19.0,20.8,KONG
SBR-17-200,0.0,4.0,TOP
SBR-17-200,4.0,17.0,PSR
SBR-17-200,17.0,19.0,KAK
SBR-17-200,19.0,20.6,KONG
SBR-17-225,0.0,4.0,TOP
SBR-17-225,4.0,16.0,PSR
SBR-17-225,16.0,18.0,KAK
SBR-17-225,18.0,19.1,KONG
SBR-17-250,0.0,4.0,TOP
SBR-17-250,4.0,14.0,PSR
SBR-17-250,14.0,17.0,KAK
SBR-17-250,17.0,17.9,KONG
SBR-17-275,0.0,4.0,TOP
SBR-17-275,4.0,13.0,PSR
SBR-17-275,13.0,15.0,KAK
SBR-17-275,15.0,16.5,KONG
SBR-17-300,0.0,3.0,TOP
SBR-17-300,3.0,11.0,LMP
SBR-17-300,11.0,13.0,KAK
SBR-17-300,13.0,15.0,KONG
SBR-17-325,0.0,3.0,TOP
SBR-17-325,3.0,9.0,LMP
SBR-17-325,9.0,11.0,KAK
SBR-17-325,11.0,12.2,KONG
SBR-17-350,0.0,3.0,TOP
SBR-17-350,3.0,7.0,LMP
SBR-17-350,7.0,9.0,KAK
SBR-17-350,9.0,10.3,KONG
SBR-17-375,0.0,3.0,TOP
SBR-17-375,3.0,6.0,LMP
SBR-17-375,6.0,7.0,KAK
SBR-17-375,7.0,8.5,KONG
SBR-17-400,0.0,2.0,TOP
SBR-17-400,2.0,4.0,LMP
SBR-17-400,4.0,5.0,KAK
SBR-17-400,5.0,6.9,KONG
SBR-17-425,0.0,2.0,TOP
SBR-17-425,2.0,3.0,LMP
SBR-17-425,3.0,4.0,KAK
SBR-17-425,4.0,5.2,KONG
SBR-17-450,0.0,2.0,TOP
SBR-17-450,2.0,3.0,LMP
SBR-17-450,3.0,4.6,KONG
SBR-17-475,0.0,2.0,TOP
SBR-17-475,2.0,3.0,KAK
SBR-17-475,3.0,4.3,KONG
SBR-17-500,0.0,2.0,TOP
SBR-17-500,2.0,3.0,KAK
SBR-17-500,3.0,4.2,KONG
SBR-17-525,0.0,2.0,TOP
SBR-17-525,2.0,3.0,KAK
SBR-17-525,3.0,4.2,KONG
SBR-17-550,0.0,2.0,TOP
SBR-17-550,2.0,3.0,PSR
SBR-17-550,3.0,5.0,KONG
SBR-17-575,0.0,1.0,TOP
SBR-17-575,1.0,3.0,PSR
SBR-17-575,3.0,4.0,KAK
SBR-17-575,4.0,5.1,KONG
SBR-17-600,0.0,1.0,TOP
SBR-17-600,1.0,4.0,PSR
SBR-17-600,4.0,5.0,KAK
SBR-17-600,5.0,5.5,KONG
SBR-17-625,0.0,1.0,TOP
SBR-17-625,1.0,4.0,PSR
SBR-17-625,4.0,5.0,KAK
SBR-17-625,5.0,6.2,KONG
SBR-17-650,0.0,1.0,TOP
SBR-17-650,1.0,5.0,PSR
SBR-17-650,5.0,6.0,KAK
SBR-17-650,6.0,6.7,KONG
SBR-18-050,0.0,2.0,TOP
SBR-18-050,2.0,6.3,LMP
SBR-18-075,0.0,2.0,TOP
SBR-18-075,2.0,11.0,LMP
SBR-18-075,11.0,14.0,KAK
SBR-18-075,14.0,14.7,KONG
SBR-18-100,0.0,3.0,TOP
SBR-18-100,3.0,14.0,PSR
SBR-18-100,14.0,16.0,KAK
SBR-18-100,16.0,17.9,KONG
SBR-18-125,0.0,3.0,TOP
SBR-18-125,3.0,16.0,PSR
SBR-18-125,16.0,18.0,KAK
SBR-18-125,18.0,19.5,KONG
SBR-18-150,0.0,3.0,TOP
SBR-18-150,3.0,17.0,PSR
SBR-18-150,17.0,19.0,KAK
SBR-18-150,19.0,20.3,KONG
SBR-18-175,0.0,3.0,TOP
SBR-18-175,3.0,14.7,PSR
SBR-18-200,0.0,3.0,TOP
SBR-18-200,3.0,16.0,PSR
SBR-18-200,16.0,18.0,KAK
SBR-18-200,18.0,19.4,KONG
SBR-18-225,0.0,3.0,TOP
SBR-18-225,3.0,15.0,PSR
SBR-18-225,15.0,17.0,KAK
SBR-18-225,17.0,18.7,KONG
SBR-18-250,0.0,3.0,TOP
SBR-18-250,3.0,14.0,PSR
SBR-18-250,14.0,16.0,KAK
SBR-18-250,16.0,16.9,KONG
SBR-18-275,0.0,3.0,TOP
SBR-18-275,3.0,12.0,LMP
SBR-18-275,12.0,14.0,KAK
SBR-18-275,14.0,15.4,KONG
SBR-18-300,0.0,3.0,TOP
SBR-18-300,3.0,10.0,LMP
SBR-18-300,10.0,12.0,KAK
SBR-18-300,12.0,13.5,KONG
SBR-18-325,0.0,3.0,TOP
SBR-18-325,3.0,8.0,LMP
SBR-18-325,8.0,10.0,KAK
SBR-18-325,10.0,11.4,KONG
SBR-18-350,0.0,2.0,TOP
SBR-18-350,2.0,7.0,LMP
SBR-18-350,7.0,9.0,KAK
SBR-18-350,9.0,10.2,KONG
SBR-18-375,0.0,2.0,TOP
SBR-18-375,2.0,6.0,LMP
SBR-18-375,6.0,8.0,KAK
SBR-18-375,8.0,9.6,KONG
SBR-18-400,0.0,2.0,TOP
SBR-18-400,2.0,6.0,LMP
SBR-18-400,6.0,7.0,KAK
SBR-18-400,7.0,8.3,KONG
SBR-18-425,0.0,2.0,TOP
SBR-18-425,2.0,4.0,LMP
SBR-18-425,4.0,6.0,KAK
SBR-18-425,6.0,6.6,KONG
SBR-18-450,0.0,2.0,TOP
SBR-18-450,2.0,4.0,LMP
SBR-18-450,4.0,5.0,KAK
SBR-18-450,5.0,6.5,KONG
SBR-18-475,0.0,2.0,TOP
SBR-18-475,2.0,4.0,PSR
SBR-18-475,4.0,5.0,KAK
SBR-18-475,5.0,5.8,KONG
SBR-18-500,0.0,1.0,TOP
SBR-18-500,1.0,4.0,LMP
SBR-18-500,4.0,5.6,KONG
SBR-18-525,0.0,1.0,TOP
SBR-18-525,1.0,2.0,LMP
SBR-18-550,0.0,1.0,TOP
SBR-18-550,1.0,4.0,LMP
SBR-18-550,4.0,5.0,KAK
SBR-18-550,5.0,6.2,KONG
SBR-18-575,0.0,1.0,TOP
SBR-18-575,1.0,5.0,LMP
SBR-18-575,5.0,6.0,KAK
SBR-18-575,6.0,7.0,KONG
SBR-18-600,0.0,1.0,TOP
SBR-18-600,1.0,5.0,LMP
SBR-18-600,5.0,6.0,KAK
SBR-18-600,6.0,7.4,KONG
SBR-18-625,0.0,1.0,TOP
SBR-18-625,1.0,4.0,LMP
SBR-18-625,4.0,5.0,KAK
SBR-18-625,5.0,6.6,KONG
SBR-18-650,0.0,1.0,TOP
SBR-18-650,1.0,3.3,LMP
SBR-19-050,0.0,2.0,TOP
SBR-19-050,2.0,10.0,LMP
SBR-19-050,10.0,12.0,KAK
SBR-19-050,12.0,13.4,KONG
SBR-19-075,0.0,1.0,TOP
SBR-19-075,1.0,11.0,LMP
SBR-19-075,11.0,13.0,KAK
SBR-19-075,13.0,15.0,KONG
SBR-19-100,0.0,1.0,TOP
SBR-19-100,1.0,13.0,LMP
SBR-19-100,13.0,15.0,KAK
SBR-19-100,15.0,16.3,KONG
SBR-19-125,0.0,1.0,TOP
SBR-19-125,1.0,14.0,LMP
SBR-19-125,14.0,17.0,KAK
SBR-19-125,17.0,18.0,KONG
SBR-19-150,0.0,1.0,TOP
SBR-19-150,1.0,15.0,LMP
SBR-19-150,15.0,18.0,KAK
SBR-19-150,18.0,19.3,KONG
SBR-19-175,0.0,1.0,TOP
SBR-19-175,1.0,16.0,LMP
SBR-19-175,16.0,19.0,KAK
SBR-19-175,19.0,20.4,KONG
SBR-19-200,0.0,1.0,TOP
SBR-19-200,1.0,16.0,LMP
SBR-19-200,16.0,20.0,KAK
SBR-19-200,20.0,20.7,KONG
SBR-19-225,0.0,1.0,TOP
SBR-19-225,1.0,16.0,LMP
SBR-19-225,16.0,19.0,KAK
SBR-19-225,19.0,20.1,KONG
SBR-19-250,0.0,1.0,TOP
SBR-19-250,1.0,14.0,LMP
SBR-19-250,14.0,17.0,KAK
SBR-19-250,17.0,18.7,KONG
SBR-19-275,0.0,1.0,TOP
SBR-19-275,1.0,7.5,LMP
SBR-19-300,0.0,1.0,TOP
SBR-19-300,1.0,12.0,LMP
SBR-19-300,12.0,15.0,KAK
SBR-19-300,15.0,16.2,KONG
SBR-19-325,0.0,1.0,TOP
SBR-19-325,1.0,11.0,LMP
SBR-19-325,11.0,13.0,KAK
SBR-19-325,13.0,14.3,KONG
SBR-19-350,0.0,1.0,TOP
SBR-19-350,1.0,9.0,LMP
SBR-19-350,9.0,11.0,KAK
SBR-19-350,11.0,12.3,KONG
SBR-19-375,0.0,1.0,TOP
SBR-19-375,1.0,7.0,LMP
SBR-19-375,7.0,9.0,KAK
SBR-19-375,9.0,10.5,KONG
SBR-19-400,0.0,1.0,TOP
SBR-19-400,1.0,6.0,LMP
SBR-19-400,6.0,8.0,KAK
SBR-19-400,8.0,9.0,KONG
SBR-19-425,0.0,1.0,TOP
SBR-19-425,1.0,6.0,LMP
SBR-19-425,6.0,7.0,KAK
SBR-19-425,7.0,8.6,KONG
SBR-19-450,0.0,1.0,TOP
SBR-19-450,1.0,5.0,LMP
SBR-19-450,5.0,6.0,KAK
SBR-19-450,6.0,7.4,KONG
SBR-19-475,0.0,1.0,TOP
SBR-19-475,1.0,5.0,LMP
SBR-19-475,5.0,6.0,KAK
SBR-19-475,6.0,7.5,KONG
SBR-19-500,0.0,1.0,TOP
SBR-19-500,1.0,5.0,LMP
SBR-19-500,5.0,6.0,KAK
SBR-19-500,6.0,7.2,KONG
SBR-19-525,0.0,1.0,TOP
SBR-19-525,1.0,5.0,LMP
SBR-19-525,5.0,6.0,KAK
SBR-19-525,6.0,7.2,KONG
SBR-19-550,0.0,1.0,TOP
SBR-19-550,1.0,5.0,LMP
SBR-19-550,5.0,6.0,KAK
SBR-19-550,6.0,6.9,KONG
SBR-19-575,0.0,1.0,TOP
SBR-19-575,1.0,5.0,LMP
SBR-19-575,5.0,6.0,KAK
SBR-19-575,6.0,7.0,KONG
SBR-19-600,0.0,1.0,TOP
SBR-19-600,1.0,5.0,LMP
SBR-19-600,5.0,6.0,KAK
SBR-19-600,6.0,6.8,KONG
SBR-19-625,0.0,1.0,TOP
SBR-19-625,1.0,5.0,LMP
SBR-19-625,5.0,6.0,KAK
SBR-19-625,6.0,7.5,KONG
SBR-19-650,0.0,1.0,TOP
SBR-19-650,1.0,5.0,LMP
SBR-19-650,5.0,6.0,KAK
SBR-19-650,6.0,7.0,KONG
SBR-20-050,0.0,2.0,TOP
SBR-20-050,2.0,7.0,LMP
SBR-20-050,7.0,8.0,KAK
SBR-20-050,8.0,9.5,KONG
SBR-20-075,0.0,1.0,TOP
SBR-20-075,1.0,8.0,LMP
SBR-20-075,8.0,9.0,KAK
SBR-20-075,9.0,10.6,KONG
SBR-20-100,0.0,1.0,TOP
SBR-20-100,1.0,10.0,LMP
SBR-20-100,10.0,12.0,KAK
SBR-20-100,12.0,13.4,KONG
SBR-20-125,0.0,1.0,TOP
SBR-20-125,1.0,11.0,LMP
SBR-20-125,11.0,14.0,KAK
SBR-20-125,14.0,15.0,KONG
SBR-20-150,0.0,1.0,TOP
SBR-20-150,1.0,12.0,LMP
SBR-20-150,12.0,15.0,KAK
SBR-20-150,15.0,16.7,KONG
SBR-20-175,0.0,1.0,TOP
SBR-20-175,1.0,13.0,LMP
SBR-20-175,13.0,16.0,KAK
SBR-20-175,16.0,17.7,KONG
SBR-20-200,0.0,1.0,TOP
SBR-20-200,1.0,14.0,LMP
SBR-20-200,14.0,17.0,KAK
SBR-20-200,17.0,18.5,KONG
SBR-20-225,0.0,1.0,TOP
SBR-20-225,1.0,14.0,LMP
SBR-20-225,14.0,17.0,KAK
SBR-20-225,17.0,19.1,KONG
SBR-20-250,0.0,1.0,TOP
SBR-20-250,1.0,14.0,LMP
SBR-20-250,14.0,17.0,KAK
SBR-20-250,17.0,18.5,KONG
SBR-20-275,0.0,1.0,TOP
SBR-20-275,1.0,12.0,LMP
SBR-20-275,12.0,16.0,KAK
SBR-20-275,16.0,17.6,KONG
SBR-20-300,0.0,1.0,TOP
SBR-20-300,1.0,11.0,LMP
SBR-20-300,11.0,14.0,KAK
SBR-20-300,14.0,15.5,KONG
SBR-20-325,0.0,1.0,TOP
SBR-20-325,1.0,9.0,LMP
SBR-20-325,9.0,12.0,KAK
SBR-20-325,12.0,13.8,KONG
SBR-20-350,0.0,1.0,TOP
SBR-20-350,1.0,9.0,LMP
SBR-20-350,9.0,11.0,KAK
SBR-20-350,11.0,12.6,KONG
SBR-20-375,0.0,1.0,TOP
SBR-20-375,1.0,8.0,LMP
SBR-20-375,8.0,10.0,KAK
SBR-20-375,10.0,11.2,KONG
SBR-20-400,0.0,1.0,TOP
SBR-20-400,1.0,7.0,PSR
SBR-20-400,7.0,9.0,KAK
SBR-20-400,9.0,9.8,KONG
SBR-20-425,0.0,1.0,TOP
SBR-20-425,1.0,6.0,PSR
SBR-20-425,6.0,8.0,KAK
SBR-20-425,8.0,9.4,KONG
SBR-20-450,0.0,1.0,TOP
SBR-20-450,1.0,6.0,LMP
SBR-20-450,6.0,7.0,KAK
SBR-20-450,7.0,8.2,KONG
SBR-20-475,0.0,1.0,TOP
SBR-20-475,1.0,6.0,LMP
SBR-20-475,6.0,7.6,KONG
SBR-20-500,0.0,1.0,TOP
SBR-20-500,1.0,3.2,LMP
SBR-20-525,0.0,1.0,TOP
SBR-20-525,1.0,5.0,LMP
SBR-20-525,5.0,6.0,KAK
SBR-20-525,6.0,7.4,KONG
SBR-20-550,0.0,1.0,TOP
SBR-20-550,1.0,5.0,LMP
SBR-20-550,5.0,7.1,KONG
SBR-20-575,0.0,1.0,TOP
SBR-20-575,1.0,5.0,PSR
SBR-20-575,5.0,6.4,KONG
SBR-20-600,0.0,1.0,TOP
SBR-20-600,1.0,5.0,PSR
SBR-20-600,5.0,6.2,KONG
SBR-20-625,0.0,1.0,TOP
SBR-20-625,1.0,4.0,PSR
SBR-20-625,4.0,5.0,KAK
SBR-20-625,5.0,6.0,KONG
SBR-20-650,0.0,1.0,TOP
SBR-20-650,1.0,4.0,PSR
SBR-20-650,4.0,5.0,KAK
SBR-20-650,5.0,6.3,KONG
