BHID,AT,AZ,DIP
SBR-01-050,0.0,0.0,90.0
SBR-01-050,10.0,0.0,90.0
SBR-01-075,0.0,0.0,90.0
SBR-01-075,9.3,0.0,90.0
SBR-01-100,0.0,0.0,90.0
SBR-01-100,8.1,0.0,90.0
SBR-01-125,0.0,0.0,90.0
SBR-01-125,7.1,0.0,90.0
SBR-01-150,0.0,0.0,90.0
SBR-01-150,6.4,0.0,90.0
SBR-01-175,0.0,0.0,90.0
SBR-01-175,3.5,0.0,90.0
SBR-01-200,0.0,0.0,90.0
SBR-01-200,7.4,0.0,90.0
SBR-01-225,0.0,0.0,90.0
SBR-01-225,8.4,0.0,90.0
SBR-01-250,0.0,0.0,90.0
SBR-01-250,10.2,0.0,90.0
SBR-01-275,0.0,0.0,90.0
SBR-01-275,11.4,0.0,90.0
SBR-01-300,0.0,0.0,90.0
SBR-01-300,13.2,0.0,90.0
SBR-01-325,0.0,0.0,90.0
SBR-01-325,14.3,0.0,90.0
SBR-01-350,0.0,0.0,90.0
SBR-01-350,16.2,0.0,90.0
SBR-01-375,0.0,0.0,90.0
SBR-01-375,17.2,0.0,90.0
SBR-01-400,0.0,0.0,90.0
SBR-01-400,17.3,0.0,90.0
SBR-01-425,0.0,0.0,90.0
SBR-01-425,17.9,0.0,90.0
SBR-01-450,0.0,0.0,90.0
SBR-01-450,17.5,0.0,90.0
SBR-01-475,0.0,0.0,90.0
SBR-01-475,15.9,0.0,90.0
SBR-01-500,0.0,0.0,90.0
SBR-01-500,14.3,0.0,90.0
SBR-01-525,0.0,0.0,90.0
SBR-01-525,12.1,0.0,90.0
SBR-01-550,0.0,0.0,90.0
SBR-01-550,10.9,0.0,90.0
SBR-01-575,0.0,0.0,90.0
SBR-01-575,10.1,0.0,90.0
SBR-01-600,0.0,0.0,90.0
SBR-01-600,4.6,0.0,90.0
SBR-01-625,0.0,0.0,90.0
SBR-01-625,7.4,0.0,90.0
SBR-01-650,0.0,0.0,90.0
SBR-01-650,6.8,0.0,90.0
SBR-02-050,0.0,0.0,90.0
SBR-02-050,8.4,0.0,90.0
SBR-02-075,0.0,0.0,90.0
SBR-02-075,8.2,0.0,90.0
SBR-02-100,0.0,0.0,90.0
SBR-02-100,8.3,0.0,90.0
SBR-02-125,0.0,0.0,90.0
SBR-02-125,5.4,0.0,90.0
SBR-02-150,0.0,0.0,90.0
SBR-02-150,8.3,0.0,90.0
SBR-02-175,0.0,0.0,90.0
SBR-02-175,8.8,0.0,90.0
SBR-02-200,0.0,0.0,90.0
SBR-02-200,5.1,0.0,90.0
SBR-02-225,0.0,0.0,90.0
SBR-02-225,11.3,0.0,90.0
SBR-02-250,0.0,0.0,90.0
SBR-02-250,13.2,0.0,90.0
SBR-02-275,0.0,0.0,90.0
SBR-02-275,14.7,0.0,90.0
SBR-02-300,0.0,0.0,90.0
SBR-02-300,16.5,0.0,90.0
SBR-02-325,0.0,0.0,90.0
SBR-02-325,18.1,0.0,90.0
SBR-02-350,0.0,0.0,90.0
SBR-02-350,19.2,0.0,90.0
SBR-02-375,0.0,0.0,90.0
SBR-02-375,19.7,0.0,90.0
SBR-02-400,0.0,0.0,90.0
SBR-02-400,11.8,0.0,90.0
SBR-02-425,0.0,0.0,90.0
SBR-02-425,19.4,0.0,90.0
SBR-02-450,0.0,0.0,90.0
SBR-02-450,18.1,0.0,90.0
SBR-02-475,0.0,0.0,90.0
SBR-02-475,16.6,0.0,90.0
SBR-02-500,0.0,0.0,90.0
SBR-02-500,14.4,0.0,90.0
SBR-02-525,0.0,0.0,90.0
SBR-02-525,12.4,0.0,90.0
SBR-02-550,0.0,0.0,90.0
SBR-02-550,10.5,0.0,90.0
SBR-02-575,0.0,0.0,90.0
SBR-02-575,9.4,0.0,90.0
SBR-02-600,0.0,0.0,90.0
SBR-02-600,4.4,0.0,90.0
SBR-02-625,0.0,0.0,90.0
SBR-02-625,7.4,0.0,90.0
SBR-02-650,0.0,0.0,90.0
SBR-02-650,6.1,0.0,90.0
SBR-03-050,0.0,0.0,90.0
SBR-03-050,6.4,0.0,90.0
SBR-03-075,0.0,0.0,90.0
SBR-03-075,7.5,0.0,90.0
SBR-03-100,0.0,0.0,90.0
SBR-03-100,7.9,0.0,90.0
SBR-03-125,0.0,0.0,90.0
SBR-03-125,4.9,0.0,90.0
SBR-03-150,0.0,0.0,90.0
SBR-03-150,10.1,0.0,90.0
SBR-03-175,0.0,0.0,90.0
SBR-03-175,11.7,0.0,90.0
SBR-03-200,0.0,0.0,90.0
SBR-03-200,12.7,0.0,90.0
SBR-03-225,0.0,0.0,90.0
SBR-03-225,14.3,0.0,90.0
SBR-03-250,0.0,0.0,90.0
SBR-03-250,15.9,0.0,90.0
SBR-03-275,0.0,0.0,90.0
SBR-03-275,16.9,0.0,90.0
SBR-03-300,0.0,0.0,90.0
SBR-03-300,17.9,0.0,90.0
SBR-03-325,0.0,0.0,90.0
SBR-03-325,18.7,0.0,90.0
SBR-03-350,0.0,0.0,90.0
SBR-03-350,18.7,0.0,90.0
SBR-03-375,0.0,0.0,90.0
SBR-03-375,18.4,0.0,90.0
SBR-03-400,0.0,0.0,90.0
SBR-03-400,18.0,0.0,90.0
SBR-03-425,0.0,0.0,90.0
SBR-03-425,16.6,0.0,90.0
SBR-03-450,0.0,0.0,90.0
SBR-03-450,15.5,0.0,90.0
SBR-03-475,0.0,0.0,90.0
SBR-03-475,13.9,0.0,90.0
SBR-03-500,0.0,0.0,90.0
SBR-03-500,13.2,0.0,90.0
SBR-03-525,0.0,0.0,90.0
SBR-03-525,11.3,0.0,90.0
SBR-03-550,0.0,0.0,90.0
SBR-03-550,9.6,0.0,90.0
SBR-03-575,0.0,0.0,90.0
SBR-03-575,8.6,0.0,90.0
SBR-03-600,0.0,0.0,90.0
SBR-03-600,7.4,0.0,90.0
SBR-03-625,0.0,0.0,90.0
SBR-03-625,6.9,0.0,90.0
SBR-03-650,0.0,0.0,90.0
SBR-03-650,6.4,0.0,90.0
SBR-04-050,0.0,0.0,90.0
SBR-04-050,7.1,0.0,90.0
SBR-04-075,0.0,0.0,90.0
SBR-04-075,7.0,0.0,90.0
SBR-04-100,0.0,0.0,90.0
SBR-04-100,8.2,0.0,90.0
SBR-04-125,0.0,0.0,90.0
SBR-04-125,8.3,0.0,90.0
SBR-04-150,0.0,0.0,90.0
SBR-04-150,9.0,0.0,90.0
SBR-04-175,0.0,0.0,90.0
SBR-04-175,9.7,0.0,90.0
SBR-04-200,0.0,0.0,90.0
SBR-04-200,10.9,0.0,90.0
SBR-04-225,0.0,0.0,90.0
SBR-04-225,12.3,0.0,90.0
SBR-04-250,0.0,0.0,90.0
SBR-04-250,13.4,0.0,90.0
SBR-04-275,0.0,0.0,90.0
SBR-04-275,14.3,0.0,90.0
SBR-04-300,0.0,0.0,90.0
SBR-04-300,15.8,0.0,90.0
SBR-04-325,0.0,0.0,90.0
SBR-04-325,16.8,0.0,90.0
SBR-04-350,0.0,0.0,90.0
SBR-04-350,17.6,0.0,90.0
SBR-04-375,0.0,0.0,90.0
SBR-04-375,18.6,0.0,90.0
SBR-04-400,0.0,0.0,90.0
SBR-04-400,19.3,0.0,90.0
SBR-04-425,0.0,0.0,90.0
SBR-04-425,19.4,0.0,90.0
SBR-04-450,0.0,0.0,90.0
SBR-04-450,19.5,0.0,90.0
SBR-04-475,0.0,0.0,90.0
SBR-04-475,18.4,0.0,90.0
SBR-04-500,0.0,0.0,90.0
SBR-04-500,16.6,0.0,90.0
SBR-04-525,0.0,0.0,90.0
SBR-04-525,15.2,0.0,90.0
SBR-04-550,0.0,0.0,90.0
SBR-04-550,13.4,0.0,90.0
SBR-04-575,0.0,0.0,90.0
SBR-04-575,12.6,0.0,90.0
SBR-04-600,0.0,0.0,90.0
SBR-04-600,10.5,0.0,90.0
SBR-04-625,0.0,0.0,90.0
SBR-04-625,9.3,0.0,90.0
SBR-04-650,0.0,0.0,90.0
SBR-04-650,8.1,0.0,90.0
SBR-05-050,0.0,0.0,90.0
SBR-05-050,8.5,0.0,90.0
SBR-05-075,0.0,0.0,90.0
SBR-05-075,8.0,0.0,90.0
SBR-05-100,0.0,0.0,90.0
SBR-05-100,9.0,0.0,90.0
SBR-05-125,0.0,0.0,90.0
SBR-05-125,9.0,0.0,90.0
SBR-05-150,0.0,0.0,90.0
SBR-05-150,9.3,0.0,90.0
SBR-05-175,0.0,0.0,90.0
SBR-05-175,9.7,0.0,90.0
SBR-05-200,0.0,0.0,90.0
SBR-05-200,10.2,0.0,90.0
SBR-05-225,0.0,0.0,90.0
SBR-05-225,11.2,0.0,90.0
SBR-05-250,0.0,0.0,90.0
SBR-05-250,12.0,0.0,90.0
SBR-05-275,0.0,0.0,90.0
SBR-05-275,6.6,0.0,90.0
SBR-05-300,0.0,0.0,90.0
SBR-05-300,12.7,0.0,90.0
SBR-05-325,0.0,0.0,90.0
SBR-05-325,13.4,0.0,90.0
SBR-05-350,0.0,0.0,90.0
SBR-05-350,14.1,0.0,90.0
SBR-05-375,0.0,0.0,90.0
SBR-05-375,15.7,0.0,90.0
SBR-05-400,0.0,0.0,90.0
SBR-05-400,16.6,0.0,90.0
SBR-05-425,0.0,0.0,90.0
SBR-05-425,18.0,0.0,90.0
SBR-05-450,0.0,0.0,90.0
SBR-05-450,18.7,0.0,90.0
SBR-05-475,0.0,0.0,90.0
SBR-05-475,19.1,0.0,90.0
SBR-05-500,0.0,0.0,90.0
SBR-05-500,19.4,0.0,90.0
SBR-05-525,0.0,0.0,90.0
SBR-05-525,19.0,0.0,90.0
SBR-05-550,0.0,0.0,90.0
SBR-05-550,18.7,0.0,90.0
SBR-05-575,0.0,0.0,90.0
SBR-05-575,18.1,0.0,90.0
SBR-05-600,0.0,0.0,90.0
SBR-05-600,16.7,0.0,90.0
SBR-05-625,0.0,0.0,90.0
SBR-05-625,14.5,0.0,90.0
SBR-05-650,0.0,0.0,90.0
SBR-05-650,12.4,0.0,90.0
SBR-06-050,0.0,0.0,90.0
SBR-06-050,8.9,0.0,90.0
SBR-06-075,0.0,0.0,90.0
SBR-06-075,9.1,0.0,90.0
SBR-06-100,0.0,0.0,90.0
SBR-06-100,9.4,0.0,90.0
SBR-06-125,0.0,0.0,90.0
SBR-06-125,10.3,0.0,90.0
SBR-06-150,0.0,0.0,90.0
SBR-06-150,9.8,0.0,90.0
SBR-06-175,0.0,0.0,90.0
SBR-06-175,10.6,0.0,90.0
SBR-06-200,0.0,0.0,90.0
SBR-06-200,11.0,0.0,90.0
SBR-06-225,0.0,0.0,90.0
SBR-06-225,11.9,0.0,90.0
SBR-06-250,0.0,0.0,90.0
SBR-06-250,11.9,0.0,90.0
SBR-06-275,0.0,0.0,90.0
SBR-06-275,12.7,0.0,90.0
SBR-06-300,0.0,0.0,90.0
SBR-06-300,13.3,0.0,90.0
SBR-06-325,0.0,0.0,90.0
SBR-06-325,14.2,0.0,90.0
SBR-06-350,0.0,0.0,90.0
SBR-06-350,16.0,0.0,90.0
SBR-06-375,0.0,0.0,90.0
SBR-06-375,18.0,0.0,90.0
SBR-06-400,0.0,0.0,90.0
SBR-06-400,19.4,0.0,90.0
SBR-06-425,0.0,0.0,90.0
SBR-06-425,19.7,0.0,90.0
SBR-06-450,0.0,0.0,90.0
SBR-06-450,20.0,0.0,90.0
SBR-06-475,0.0,0.0,90.0
SBR-06-475,10.8,0.0,90.0
SBR-06-500,0.0,0.0,90.0
SBR-06-500,18.7,0.0,90.0
SBR-06-525,0.0,0.0,90.0
SBR-06-525,18.3,0.0,90.0
SBR-06-550,0.0,0.0,90.0
SBR-06-550,17.3,0.0,90.0
SBR-06-575,0.0,0.0,90.0
SBR-06-575,15.8,0.0,90.0
SBR-06-600,0.0,0.0,90.0
SBR-06-600,15.0,0.0,90.0
SBR-06-625,0.0,0.0,90.0
SBR-06-625,14.1,0.0,90.0
SBR-06-650,0.0,0.0,90.0
SBR-06-650,12.8,0.0,90.0
SBR-07-050,0.0,0.0,90.0
SBR-07-050,8.7,0.0,90.0
SBR-07-075,0.0,0.0,90.0
SBR-07-075,8.2,0.0,90.0
SBR-07-100,0.0,0.0,90.0
SBR-07-100,9.0,0.0,90.0
SBR-07-125,0.0,0.0,90.0
SBR-07-125,9.1,0.0,90.0
SBR-07-150,0.0,0.0,90.0
SBR-07-150,9.2,0.0,90.0
SBR-07-175,0.0,0.0,90.0
SBR-07-175,8.5,0.0,90.0
SBR-07-200,0.0,0.0,90.0
SBR-07-200,8.1,0.0,90.0
SBR-07-225,0.0,0.0,90.0
SBR-07-225,8.6,0.0,90.0
SBR-07-250,0.0,0.0,90.0
SBR-07-250,9.5,0.0,90.0
SBR-07-275,0.0,0.0,90.0
SBR-07-275,11.5,0.0,90.0
SBR-07-300,0.0,0.0,90.0
SBR-07-300,13.8,0.0,90.0
SBR-07-325,0.0,0.0,90.0
SBR-07-325,16.3,0.0,90.0
SBR-07-350,0.0,0.0,90.0
SBR-07-350,16.7,0.0,90.0
SBR-07-375,0.0,0.0,90.0
SBR-07-375,17.0,0.0,90.0
SBR-07-400,0.0,0.0,90.0
SBR-07-400,17.9,0.0,90.0
SBR-07-425,0.0,0.0,90.0
SBR-07-425,18.4,0.0,90.0
SBR-07-450,0.0,0.0,90.0
SBR-07-450,18.2,0.0,90.0
SBR-07-475,0.0,0.0,90.0
SBR-07-475,17.8,0.0,90.0
SBR-07-500,0.0,0.0,90.0
SBR-07-500,17.0,0.0,90.0
SBR-07-525,0.0,0.0,90.0
SBR-07-525,15.0,0.0,90.0
SBR-07-550,0.0,0.0,90.0
SBR-07-550,6.7,0.0,90.0
SBR-07-575,0.0,0.0,90.0
SBR-07-575,8.0,0.0,90.0
SBR-07-600,0.0,0.0,90.0
SBR-07-600,9.5,0.0,90.0
SBR-07-625,0.0,0.0,90.0
SBR-07-625,8.2,0.0,90.0
SBR-07-650,0.0,0.0,90.0
SBR-07-650,7.7,0.0,90.0
SBR-08-050,0.0,0.0,90.0
SBR-08-050,6.8,0.0,90.0
SBR-08-075,0.0,0.0,90.0
SBR-08-075,6.2,0.0,90.0
SBR-08-100,0.0,0.0,90.0
SBR-08-100,6.6,0.0,90.0
SBR-08-125,0.0,0.0,90.0
SBR-08-125,7.4,0.0,90.0
SBR-08-150,0.0,0.0,90.0
SBR-08-150,7.4,0.0,90.0
SBR-08-175,0.0,0.0,90.0
SBR-08-175,7.9,0.0,90.0
SBR-08-200,0.0,0.0,90.0
SBR-08-200,8.3,0.0,90.0
SBR-08-225,0.0,0.0,90.0
SBR-08-225,10.0,0.0,90.0
SBR-08-250,0.0,0.0,90.0
SBR-08-250,11.3,0.0,90.0
SBR-08-275,0.0,0.0,90.0
SBR-08-275,12.8,0.0,90.0
SBR-08-300,0.0,0.0,90.0
SBR-08-300,14.8,0.0,90.0
SBR-08-325,0.0,0.0,90.0
SBR-08-325,15.4,0.0,90.0
SBR-08-350,0.0,0.0,90.0
SBR-08-350,15.8,0.0,90.0
SBR-08-375,0.0,0.0,90.0
SBR-08-375,15.2,0.0,90.0
SBR-08-400,0.0,0.0,90.0
SBR-08-400,8.9,0.0,90.0
SBR-08-425,0.0,0.0,90.0
SBR-08-425,14.0,0.0,90.0
SBR-08-450,0.0,0.0,90.0
SBR-08-450,12.3,0.0,90.0
SBR-08-475,0.0,0.0,90.0
SBR-08-475,11.4,0.0,90.0
SBR-08-500,0.0,0.0,90.0
SBR-08-500,10.4,0.0,90.0
SBR-08-525,0.0,0.0,90.0
SBR-08-525,8.8,0.0,90.0
SBR-08-550,0.0,0.0,90.0
SBR-08-550,7.5,0.0,90.0
SBR-08-575,0.0,0.0,90.0
SBR-08-575,5.6,0.0,90.0
SBR-08-600,0.0,0.0,90.0
SBR-08-600,5.1,0.0,90.0
SBR-08-625,0.0,0.0,90.0
SBR-08-625,5.0,0.0,90.0
SBR-08-650,0.0,0.0,90.0
SBR-08-650,5.0,0.0,90.0
SBR-09-050,0.0,0.0,90.0
SBR-09-050,6.7,0.0,90.0
SBR-09-075,0.0,0.0,90.0
SBR-09-075,6.8,0.0,90.0
SBR-09-100,0.0,0.0,90.0
SBR-09-100,6.8,0.0,90.0
SBR-09-125,0.0,0.0,90.0
SBR-09-125,6.4,0.0,90.0
SBR-09-150,0.0,0.0,90.0
SBR-09-150,7.9,0.0,90.0
SBR-09-175,0.0,0.0,90.0
SBR-09-175,8.8,0.0,90.0
SBR-09-200,0.0,0.0,90.0
SBR-09-200,11.2,0.0,90.0
SBR-09-225,0.0,0.0,90.0
SBR-09-225,12.4,0.0,90.0
SBR-09-250,0.0,0.0,90.0
SBR-09-250,14.3,0.0,90.0
SBR-09-275,0.0,0.0,90.0
SBR-09-275,16.1,0.0,90.0
SBR-09-300,0.0,0.0,90.0
SBR-09-300,17.2,0.0,90.0
SBR-09-325,0.0,0.0,90.0
SBR-09-325,17.8,0.0,90.0
SBR-09-350,0.0,0.0,90.0
SBR-09-350,16.8,0.0,90.0
SBR-09-375,0.0,0.0,90.0
SBR-09-375,10.7,0.0,90.0
SBR-09-400,0.0,0.0,90.0
SBR-09-400,14.3,0.0,90.0
SBR-09-425,0.0,0.0,90.0
SBR-09-425,13.0,0.0,90.0
SBR-09-450,0.0,0.0,90.0
SBR-09-450,11.1,0.0,90.0
SBR-09-475,0.0,0.0,90.0
SBR-09-475,9.2,0.0,90.0
SBR-09-500,0.0,0.0,90.0
SBR-09-500,7.9,0.0,90.0
SBR-09-525,0.0,0.0,90.0
SBR-09-525,6.5,0.0,90.0
SBR-09-550,0.0,0.0,90.0
SBR-09-550,5.9,0.0,90.0
SBR-09-575,0.0,0.0,90.0
SBR-09-575,5.0,0.0,90.0
SBR-09-600,0.0,0.0,90.0
SBR-09-600,4.4,0.0,90.0
SBR-09-625,0.0,0.0,90.0
SBR-09-625,4.9,0.0,90.0
SBR-09-650,0.0,0.0,90.0
SBR-09-650,4.7,0.0,90.0
SBR-10-050,0.0,0.0,90.0
SBR-10-050,5.8,0.0,90.0
SBR-10-075,0.0,0.0,90.0
SBR-10-075,6.3,0.0,90.0
SBR-10-100,0.0,0.0,90.0
SBR-10-100,7.6,0.0,90.0
SBR-10-125,0.0,0.0,90.0
SBR-10-125,9.3,0.0,90.0
SBR-10-150,0.0,0.0,90.0
SBR-10-150,11.3,0.0,90.0
SBR-10-175,0.0,0.0,90.0
SBR-10-175,13.1,0.0,90.0
SBR-10-200,0.0,0.0,90.0
SBR-10-200,15.5,0.0,90.0
SBR-10-225,0.0,0.0,90.0
SBR-10-225,17.1,0.0,90.0
SBR-10-250,0.0,0.0,90.0
SBR-10-250,18.7,0.0,90.0
SBR-10-275,0.0,0.0,90.0
SBR-10-275,19.6,0.0,90.0
SBR-10-300,0.0,0.0,90.0
SBR-10-300,19.4,0.0,90.0
SBR-10-325,0.0,0.0,90.0
SBR-10-325,19.0,0.0,90.0
SBR-10-350,0.0,0.0,90.0
SBR-10-350,18.2,0.0,90.0
SBR-10-375,0.0,0.0,90.0
SBR-10-375,17.8,0.0,90.0
SBR-10-400,0.0,0.0,90.0
SBR-10-400,16.1,0.0,90.0
SBR-10-425,0.0,0.0,90.0
SBR-10-425,14.4,0.0,90.0
SBR-10-450,0.0,0.0,90.0
SBR-10-450,12.7,0.0,90.0
SBR-10-475,0.0,0.0,90.0
SBR-10-475,10.7,0.0,90.0
SBR-10-500,0.0,0.0,90.0
SBR-10-500,9.7,0.0,90.0
SBR-10-525,0.0,0.0,90.0
SBR-10-525,8.8,0.0,90.0
SBR-10-550,0.0,0.0,90.0
SBR-10-550,8.1,0.0,90.0
SBR-10-575,0.0,0.0,90.0
SBR-10-575,6.6,0.0,90.0
SBR-10-600,0.0,0.0,90.0
SBR-10-600,6.4,0.0,90.0
SBR-10-625,0.0,0.0,90.0
SBR-10-625,5.3,0.0,90.0
SBR-10-650,0.0,0.0,90.0
SBR-10-650,4.9,0.0,90.0
SBR-11-050,0.0,0.0,90.0
SBR-11-050,4.6,0.0,90.0
SBR-11-075,0.0,0.0,90.0
SBR-11-075,6.3,0.0,90.0
SBR-11-100,0.0,0.0,90.0
SBR-11-100,7.8,0.0,90.0
SBR-11-125,0.0,0.0,90.0
SBR-11-125,9.6,0.0,90.0
SBR-11-150,0.0,0.0,90.0
SBR-11-150,12.0,0.0,90.0
SBR-11-175,0.0,0.0,90.0
SBR-11-175,14.1,0.0,90.0
SBR-11-200,0.0,0.0,90.0
SBR-11-200,16.2,0.0,90.0
SBR-11-225,0.0,0.0,90.0
SBR-11-225,18.3,0.0,90.0
SBR-11-250,0.0,0.0,90.0
SBR-11-250,20.8,0.0,90.0
SBR-11-275,0.0,0.0,90.0
SBR-11-275,21.8,0.0,90.0
SBR-11-300,0.0,0.0,90.0
SBR-11-300,21.2,0.0,90.0
SBR-11-325,0.0,0.0,90.0
SBR-11-325,20.5,0.0,90.0
SBR-11-350,0.0,0.0,90.0
SBR-11-350,19.3,0.0,90.0
SBR-11-375,0.0,0.0,90.0
SBR-11-375,18.3,0.0,90.0
SBR-11-400,0.0,0.0,90.0
SBR-11-400,16.3,0.0,90.0
SBR-11-425,0.0,0.0,90.0
SBR-11-425,15.4,0.0,90.0
SBR-11-450,0.0,0.0,90.0
SBR-11-450,14.3,0.0,90.0
SBR-11-475,0.0,0.0,90.0
SBR-11-475,6.9,0.0,90.0
SBR-11-500,0.0,0.0,90.0
SBR-11-500,10.9,0.0,90.0
SBR-11-525,0.0,0.0,90.0
SBR-11-525,10.4,0.0,90.0
SBR-11-550,0.0,0.0,90.0
SBR-11-550,9.5,0.0,90.0
SBR-11-575,0.0,0.0,90.0
SBR-11-575,5.3,0.0,90.0
SBR-11-600,0.0,0.0,90.0
SBR-11-600,8.6,0.0,90.0
SBR-11-625,0.0,0.0,90.0
SBR-11-625,7.3,0.0,90.0
SBR-11-650,0.0,0.0,90.0
SBR-11-650,6.0,0.0,90.0
SBR-12-050,0.0,0.0,90.0
SBR-12-050,4.7,0.0,90.0
SBR-12-075,0.0,0.0,90.0
SBR-12-075,6.6,0.0,90.0
SBR-12-100,0.0,0.0,90.0
SBR-12-100,8.0,0.0,90.0
SBR-12-125,0.0,0.0,90.0
SBR-12-125,9.9,0.0,90.0
SBR-12-150,0.0,0.0,90.0
SBR-12-150,12.0,0.0,90.0
SBR-12-175,0.0,0.0,90.0
SBR-12-175,13.4,0.0,90.0
SBR-12-200,0.0,0.0,90.0
SBR-12-200,14.8,0.0,90.0
SBR-12-225,0.0,0.0,90.0
SBR-12-225,15.3,0.0,90.0
SBR-12-250,0.0,0.0,90.0
SBR-12-250,9.8,0.0,90.0
SBR-12-275,0.0,0.0,90.0
SBR-12-275,18.0,0.0,90.0
SBR-12-300,0.0,0.0,90.0
SBR-12-300,19.5,0.0,90.0
SBR-12-325,0.0,0.0,90.0
SBR-12-325,20.9,0.0,90.0
SBR-12-350,0.0,0.0,90.0
SBR-12-350,20.5,0.0,90.0
SBR-12-375,0.0,0.0,90.0
SBR-12-375,19.7,0.0,90.0
SBR-12-400,0.0,0.0,90.0
SBR-12-400,18.0,0.0,90.0
SBR-12-425,0.0,0.0,90.0
SBR-12-425,16.0,0.0,90.0
SBR-12-450,0.0,0.0,90.0
SBR-12-450,14.5,0.0,90.0
SBR-12-475,0.0,0.0,90.0
SBR-12-475,11.9,0.0,90.0
SBR-12-500,0.0,0.0,90.0
SBR-12-500,10.2,0.0,90.0
SBR-12-525,0.0,0.0,90.0
SBR-12-525,5.8,0.0,90.0
SBR-12-550,0.0,0.0,90.0
SBR-12-550,7.9,0.0,90.0
SBR-12-575,0.0,0.0,90.0
SBR-12-575,8.4,0.0,90.0
SBR-12-600,0.0,0.0,90.0
SBR-12-600,8.2,0.0,90.0
SBR-12-625,0.0,0.0,90.0
SBR-12-625,7.5,0.0,90.0
SBR-12-650,0.0,0.0,90.0
SBR-12-650,7.3,0.0,90.0
SBR-13-050,0.0,0.0,90.0
SBR-13-050,4.8,0.0,90.0
SBR-13-075,0.0,0.0,90.0
SBR-13-075,5.7,0.0,90.0
SBR-13-100,0.0,0.0,90.0
SBR-13-100,6.8,0.0,90.0
SBR-13-125,0.0,0.0,90.0
SBR-13-125,8.7,0.0,90.0
SBR-13-150,0.0,0.0,90.0
SBR-13-150,10.5,0.0,90.0
SBR-13-175,0.0,0.0,90.0
SBR-13-175,12.1,0.0,90.0
SBR-13-200,0.0,0.0,90.0
SBR-13-200,14.0,0.0,90.0
SBR-13-225,0.0,0.0,90.0
SBR-13-225,16.2,0.0,90.0
SBR-13-250,0.0,0.0,90.0
SBR-13-250,18.9,0.0,90.0
SBR-13-275,0.0,0.0,90.0
SBR-13-275,19.9,0.0,90.0
SBR-13-300,0.0,0.0,90.0
SBR-13-300,20.5,0.0,90.0
SBR-13-325,0.0,0.0,90.0
SBR-13-325,19.5,0.0,90.0
SBR-13-350,0.0,0.0,90.0
SBR-13-350,18.6,0.0,90.0
SBR-13-375,0.0,0.0,90.0
SBR-13-375,17.0,0.0,90.0
SBR-13-400,0.0,0.0,90.0
SBR-13-400,14.6,0.0,90.0
SBR-13-425,0.0,0.0,90.0
SBR-13-425,13.1,0.0,90.0
SBR-13-450,0.0,0.0,90.0
SBR-13-450,10.5,0.0,90.0
SBR-13-475,0.0,0.0,90.0
SBR-13-475,4.8,0.0,90.0
SBR-13-500,0.0,0.0,90.0
SBR-13-500,7.0,0.0,90.0
SBR-13-525,0.0,0.0,90.0
SBR-13-525,5.9,0.0,90.0
SBR-13-550,0.0,0.0,90.0
SBR-13-550,4.7,0.0,90.0
SBR-13-575,0.0,0.0,90.0
SBR-13-575,4.6,0.0,90.0
SBR-13-600,0.0,0.0,90.0
SBR-13-600,5.0,0.0,90.0
SBR-13-625,0.0,0.0,90.0
SBR-13-625,5.3,0.0,90.0
SBR-13-650,0.0,0.0,90.0
SBR-13-650,6.7,0.0,90.0
SBR-14-050,0.0,0.0,90.0
SBR-14-050,5.8,0.0,90.0
SBR-14-075,0.0,0.0,90.0
SBR-14-075,6.5,0.0,90.0
SBR-14-100,0.0,0.0,90.0
SBR-14-100,7.7,0.0,90.0
SBR-14-125,0.0,0.0,90.0
SBR-14-125,9.9,0.0,90.0
SBR-14-150,0.0,0.0,90.0
SBR-14-150,12.2,0.0,90.0
SBR-14-175,0.0,0.0,90.0
SBR-14-175,15.0,0.0,90.0
SBR-14-200,0.0,0.0,90.0
SBR-14-200,18.0,0.0,90.0
SBR-14-225,0.0,0.0,90.0
SBR-14-225,19.6,0.0,90.0
SBR-14-250,0.0,0.0,90.0
SBR-14-250,20.4,0.0,90.0
SBR-14-275,0.0,0.0,90.0
SBR-14-275,20.1,0.0,90.0
SBR-14-300,0.0,0.0,90.0
SBR-14-300,19.4,0.0,90.0
SBR-14-325,0.0,0.0,90.0
SBR-14-325,17.8,0.0,90.0
SBR-14-350,0.0,0.0,90.0
SBR-14-350,15.8,0.0,90.0
SBR-14-375,0.0,0.0,90.0
SBR-14-375,13.4,0.0,90.0
SBR-14-400,0.0,0.0,90.0
SBR-14-400,10.9,0.0,90.0
SBR-14-425,0.0,0.0,90.0
SBR-14-425,8.6,0.0,90.0
SBR-14-450,0.0,0.0,90.0
SBR-14-450,7.2,0.0,90.0
SBR-14-475,0.0,0.0,90.0
SBR-14-475,5.0,0.0,90.0
SBR-14-500,0.0,0.0,90.0
SBR-14-500,3.9,0.0,90.0
SBR-14-525,0.0,0.0,90.0
SBR-14-525,3.7,0.0,90.0
SBR-14-550,0.0,0.0,90.0
SBR-14-550,3.8,0.0,90.0
SBR-14-575,0.0,0.0,90.0
SBR-14-575,3.8,0.0,90.0
SBR-14-600,0.0,0.0,90.0
SBR-14-600,4.0,0.0,90.0
SBR-14-625,0.0,0.0,90.0
SBR-14-625,4.3,0.0,90.0
SBR-14-650,0.0,0.0,90.0
SBR-14-650,5.2,0.0,90.0
SBR-15-050,0.0,0.0,90.0
SBR-15-050,8.5,0.0,90.0
SBR-15-075,0.0,0.0,90.0
SBR-15-075,10.0,0.0,90.0
SBR-15-100,0.0,0.0,90.0
SBR-15-100,11.4,0.0,90.0
SBR-15-125,0.0,0.0,90.0
SBR-15-125,12.5,0.0,90.0
SBR-15-150,0.0,0.0,90.0
SBR-15-150,14.6,0.0,90.0
SBR-15-175,0.0,0.0,90.0
SBR-15-175,17.6,0.0,90.0
SBR-15-200,0.0,0.0,90.0
SBR-15-200,19.0,0.0,90.0
SBR-15-225,0.0,0.0,90.0
SBR-15-225,20.7,0.0,90.0
SBR-15-250,0.0,0.0,90.0
SBR-15-250,21.8,0.0,90.0
SBR-15-275,0.0,0.0,90.0
SBR-15-275,21.2,0.0,90.0
SBR-15-300,0.0,0.0,90.0
SBR-15-300,18.9,0.0,90.0
SBR-15-325,0.0,0.0,90.0
SBR-15-325,17.1,0.0,90.0
SBR-15-350,0.0,0.0,90.0
SBR-15-350,14.5,0.0,90.0
SBR-15-375,0.0,0.0,90.0
SBR-15-375,11.7,0.0,90.0
SBR-15-400,0.0,0.0,90.0
SBR-15-400,10.2,0.0,90.0
SBR-15-425,0.0,0.0,90.0
SBR-15-425,7.4,0.0,90.0
SBR-15-450,0.0,0.0,90.0
SBR-15-450,5.7,0.0,90.0
SBR-15-475,0.0,0.0,90.0
SBR-15-475,3.7,0.0,90.0
SBR-15-500,0.0,0.0,90.0
SBR-15-500,3.4,0.0,90.0
SBR-15-525,0.0,0.0,90.0
SBR-15-525,3.5,0.0,90.0
SBR-15-550,0.0,0.0,90.0
SBR-15-550,3.5,0.0,90.0
SBR-15-575,0.0,0.0,90.0
SBR-15-575,3.5,0.0,90.0
SBR-15-600,0.0,0.0,90.0
SBR-15-600,4.1,0.0,90.0
SBR-15-625,0.0,0.0,90.0
SBR-15-625,2.5,0.0,90.0
SBR-15-650,0.0,0.0,90.0
SBR-15-650,5.8,0.0,90.0
SBR-16-050,0.0,0.0,90.0
SBR-16-050,9.8,0.0,90.0
SBR-16-075,0.0,0.0,90.0
SBR-16-075,12.5,0.0,90.0
SBR-16-100,0.0,0.0,90.0
SBR-16-100,14.9,0.0,90.0
SBR-16-125,0.0,0.0,90.0
SBR-16-125,17.3,0.0,90.0
SBR-16-150,0.0,0.0,90.0
SBR-16-150,18.8,0.0,90.0
SBR-16-175,0.0,0.0,90.0
SBR-16-175,20.5,0.0,90.0
SBR-16-200,0.0,0.0,90.0
SBR-16-200,21.4,0.0,90.0
SBR-16-225,0.0,0.0,90.0
SBR-16-225,22.0,0.0,90.0
SBR-16-250,0.0,0.0,90.0
SBR-16-250,22.5,0.0,90.0
SBR-16-275,0.0,0.0,90.0
SBR-16-275,11.0,0.0,90.0
SBR-16-300,0.0,0.0,90.0
SBR-16-300,18.6,0.0,90.0
SBR-16-325,0.0,0.0,90.0
SBR-16-325,15.4,0.0,90.0
SBR-16-350,0.0,0.0,90.0
SBR-16-350,12.2,0.0,90.0
SBR-16-375,0.0,0.0,90.0
SBR-16-375,10.0,0.0,90.0
SBR-16-400,0.0,0.0,90.0
SBR-16-400,7.4,0.0,90.0
SBR-16-425,0.0,0.0,90.0
SBR-16-425,6.1,0.0,90.0
SBR-16-450,0.0,0.0,90.0
SBR-16-450,5.4,0.0,90.0
SBR-16-475,0.0,0.0,90.0
SBR-16-475,4.5,0.0,90.0
SBR-16-500,0.0,0.0,90.0
SBR-16-500,4.5,0.0,90.0
SBR-16-525,0.0,0.0,90.0
SBR-16-525,4.6,0.0,90.0
SBR-16-550,0.0,0.0,90.0
SBR-16-550,4.2,0.0,90.0
SBR-16-575,0.0,0.0,90.0
SBR-16-575,4.6,0.0,90.0
SBR-16-600,0.0,0.0,90.0
SBR-16-600,5.6,0.0,90.0
SBR-16-625,0.0,0.0,90.0
SBR-16-625,6.6,0.0,90.0
SBR-16-650,0.0,0.0,90.0
SBR-16-650,7.0,0.0,90.0
SBR-17-050,0.0,0.0,90.0
SBR-17-050,11.6,0.0,90.0
SBR-17-075,0.0,0.0,90.0
SBR-17-075,15.0,0.0,90.0
SBR-17-100,0.0,0.0,90.0
SBR-17-100,16.7,0.0,90.0
SBR-17-125,0.0,0.0,90.0
SBR-17-125,19.5,0.0,90.0
SBR-17-150,0.0,0.0,90.0
SBR-17-150,20.0,0.0,90.0
SBR-17-175,0.0,0.0,90.0
SBR-17-175,20.8,0.0,90.0
SBR-17-200,0.0,0.0,90.0
SBR-17-200,20.6,0.0,90.0
SBR-17-225,0.0,0.0,90.0
SBR-17-225,19.1,0.0,90.0
SBR-17-250,0.0,0.0,90.0
SBR-17-250,17.9,0.0,90.0
SBR-17-275,0.0,0.0,90.0
SBR-17-275,16.5,0.0,90.0
SBR-17-300,0.0,0.0,90.0
SBR-17-300,15.0,0.0,90.0
SBR-17-325,0.0,0.0,90.0
SBR-17-325,12.2,0.0,90.0
SBR-17-350,0.0,0.0,90.0
SBR-17-350,10.3,0.0,90.0
SBR-17-375,0.0,0.0,90.0
SBR-17-375,8.5,0.0,90.0
SBR-17-400,0.0,0.0,90.0
SBR-17-400,6.9,0.0,90.0
SBR-17-425,0.0,0.0,90.0
SBR-17-425,5.2,0.0,90.0
SBR-17-450,0.0,0.0,90.0
SBR-17-450,4.6,0.0,90.0
SBR-17-475,0.0,0.0,90.0
SBR-17-475,4.3,0.0,90.0
SBR-17-500,0.0,0.0,90.0
SBR-17-500,4.2,0.0,90.0
SBR-17-525,0.0,0.0,90.0
SBR-17-525,4.2,0.0,90.0
SBR-17-550,0.0,0.0,90.0
SBR-17-550,5.0,0.0,90.0
SBR-17-575,0.0,0.0,90.0
SBR-17-575,5.1,0.0,90.0
SBR-17-600,0.0,0.0,90.0
SBR-17-600,5.5,0.0,90.0
SBR-17-625,0.0,0.0,90.0
SBR-17-625,6.2,0.0,90.0
SBR-17-650,0.0,0.0,90.0
SBR-17-650,6.7,0.0,90.0
SBR-18-050,0.0,0.0,90.0
SBR-18-050,6.3,0.0,90.0
SBR-18-075,0.0,0.0,90.0
SBR-18-075,14.7,0.0,90.0
SBR-18-100,0.0,0.0,90.0
SBR-18-100,17.9,0.0,90.0
SBR-18-125,0.0,0.0,90.0
SBR-18-125,19.5,0.0,90.0
SBR-18-150,0.0,0.0,90.0
SBR-18-150,20.3,0.0,90.0
SBR-18-175,0.0,0.0,90.0
SBR-18-175,14.7,0.0,90.0
SBR-18-200,0.0,0.0,90.0
SBR-18-200,19.4,0.0,90.0
SBR-18-225,0.0,0.0,90.0
SBR-18-225,18.7,0.0,90.0
SBR-18-250,0.0,0.0,90.0
SBR-18-250,16.9,0.0,90.0
SBR-18-275,0.0,0.0,90.0
SBR-18-275,15.4,0.0,90.0
SBR-18-300,0.0,0.0,90.0
SBR-18-300,13.5,0.0,90.0
SBR-18-325,0.0,0.0,90.0
SBR-18-325,11.4,0.0,90.0
SBR-18-350,0.0,0.0,90.0
SBR-18-350,10.2,0.0,90.0
SBR-18-375,0.0,0.0,90.0
SBR-18-375,9.6,0.0,90.0
SBR-18-400,0.0,0.0,90.0
SBR-18-400,8.3,0.0,90.0
SBR-18-425,0.0,0.0,90.0
SBR-18-425,6.6,0.0,90.0
SBR-18-450,0.0,0.0,90.0
SBR-18-450,6.5,0.0,90.0
SBR-18-475,0.0,0.0,90.0
SBR-18-475,5.8,0.0,90.0
SBR-18-500,0.0,0.0,90.0
SBR-18-500,5.6,0.0,90.0
SBR-18-525,0.0,0.0,90.0
SBR-18-525,2.0,0.0,90.0
SBR-18-550,0.0,0.0,90.0
SBR-18-550,6.2,0.0,90.0
SBR-18-575,0.0,0.0,90.0
SBR-18-575,7.0,0.0,90.0
SBR-18-600,0.0,0.0,90.0
SBR-18-600,7.4,0.0,90.0
SBR-18-625,0.0,0.0,90.0
SBR-18-625,6.6,0.0,90.0
SBR-18-650,0.0,0.0,90.0
SBR-18-650,3.3,0.0,90.0
SBR-19-050,0.0,0.0,90.0
SBR-19-050,13.4,0.0,90.0
SBR-19-075,0.0,0.0,90.0
SBR-19-075,15.0,0.0,90.0
SBR-19-100,0.0,0.0,90.0
SBR-19-100,16.3,0.0,90.0
SBR-19-125,0.0,0.0,90.0
SBR-19-125,18.0,0.0,90.0
SBR-19-150,0.0,0.0,90.0
SBR-19-150,19.3,0.0,90.0
SBR-19-175,0.0,0.0,90.0
SBR-19-175,20.4,0.0,90.0
SBR-19-200,0.0,0.0,90.0
SBR-19-200,20.7,0.0,90.0
SBR-19-225,0.0,0.0,90.0
SBR-19-225,20.1,0.0,90.0
SBR-19-250,0.0,0.0,90.0
SBR-19-250,18.7,0.0,90.0
SBR-19-275,0.0,0.0,90.0
SBR-19-275,7.5,0.0,90.0
SBR-19-300,0.0,0.0,90.0
SBR-19-300,16.2,0.0,90.0
SBR-19-325,0.0,0.0,90.0
SBR-19-325,14.3,0.0,90.0
SBR-19-350,0.0,0.0,90.0
SBR-19-350,12.3,0.0,90.0
SBR-19-375,0.0,0.0,90.0
SBR-19-375,10.5,0.0,90.0
SBR-19-400,0.0,0.0,90.0
SBR-19-400,9.0,0.0,90.0
SBR-19-425,0.0,0.0,90.0
SBR-19-425,8.6,0.0,90.0
SBR-19-450,0.0,0.0,90.0
SBR-19-450,7.4,0.0,90.0
SBR-19-475,0.0,0.0,90.0
SBR-19-475,7.5,0.0,90.0
SBR-19-500,0.0,0.0,90.0
SBR-19-500,7.2,0.0,90.0
SBR-19-525,0.0,0.0,90.0
SBR-19-525,7.2,0.0,90.0
SBR-19-550,0.0,0.0,90.0
SBR-19-550,6.9,0.0,90.0
SBR-19-575,0.0,0.0,90.0
SBR-19-575,7.0,0.0,90.0
SBR-19-600,0.0,0.0,90.0
SBR-19-600,6.8,0.0,90.0
SBR-19-625,0.0,0.0,90.0
SBR-19-625,7.5,0.0,90.0
SBR-19-650,0.0,0.0,90.0
SBR-19-650,7.0,0.0,90.0
SBR-20-050,0.0,0.0,90.0
SBR-20-050,9.5,0.0,90.0
SBR-20-075,0.0,0.0,90.0
SBR-20-075,10.6,0.0,90.0
SBR-20-100,0.0,0.0,90.0
SBR-20-100,13.4,0.0,90.0
SBR-20-125,0.0,0.0,90.0
SBR-20-125,15.0,0.0,90.0
SBR-20-150,0.0,0.0,90.0
SBR-20-150,16.7,0.0,90.0
SBR-20-175,0.0,0.0,90.0
SBR-20-175,17.7,0.0,90.0
SBR-20-200,0.0,0.0,90.0
SBR-20-200,18.5,0.0,90.0
SBR-20-225,0.0,0.0,90.0
SBR-20-225,19.1,0.0,90.0
SBR-20-250,0.0,0.0,90.0
SBR-20-250,18.5,0.0,90.0
SBR-20-275,0.0,0.0,90.0
SBR-20-275,17.6,0.0,90.0
SBR-20-300,0.0,0.0,90.0
SBR-20-300,15.5,0.0,90.0
SBR-20-325,0.0,0.0,90.0
SBR-20-325,13.8,0.0,90.0
SBR-20-350,0.0,0.0,90.0
SBR-20-350,12.6,0.0,90.0
SBR-20-375,0.0,0.0,90.0
SBR-20-375,11.2,0.0,90.0
SBR-20-400,0.0,0.0,90.0
SBR-20-400,9.8,0.0,90.0
SBR-20-425,0.0,0.0,90.0
SBR-20-425,9.4,0.0,90.0
SBR-20-450,0.0,0.0,90.0
SBR-20-450,8.2,0.0,90.0
SBR-20-475,0.0,0.0,90.0
SBR-20-475,7.6,0.0,90.0
SBR-20-500,0.0,0.0,90.0
SBR-20-500,3.2,0.0,90.0
SBR-20-525,0.0,0.0,90.0
SBR-20-525,7.4,0.0,90.0
SBR-20-550,0.0,0.0,90.0
SBR-20-550,7.1,0.0,90.0
SBR-20-575,0.0,0.0,90.0
SBR-20-575,6.4,0.0,90.0
SBR-20-600,0.0,0.0,90.0
SBR-20-600,6.2,0.0,90.0
SBR-20-625,0.0,0.0,90.0
SBR-20-625,6.0,0.0,90.0
SBR-20-650,0.0,0.0,90.0
SBR-20-650,6.3,0.0,90.0
